n,p_n,p_next,prime_gap,p_n_squared,p_next_squared,interval_length,observed_prime_count,cramer_expected_count,global_density_scale_alpha,calibrated_expected_count,residual_observed_minus_expected,standardized_residual_z
1,2,3,1,4,9,5,2,2.7536526577885105,0.9998315688500613,2.7531888569048273,-0.7531888569048273,-0.45392686294591417
2,3,5,2,9,25,16,5,5.791718703488903,0.9998315688500613,5.7907431976475525,-0.7907431976475525,-0.3286005694804009
3,5,7,2,25,49,24,6,6.699457592633275,0.9998315688500613,6.698329195286982,-0.6983291952869823,-0.26982175041607864
4,7,11,4,49,121,72,15,16.379092220064344,0.9998315688500613,16.376333470726767,-1.3763334707267667,-0.340106815422045
5,11,13,2,121,169,48,9,9.657433754117953,0.9998315688500613,9.65580714144529,-0.6558071414452904,-0.21104829608551046
6,13,17,4,169,289,120,22,22.149826620673778,0.9998315688500613,22.146095899905117,-0.1460958999051165,-0.031044840991590238
7,17,19,2,289,361,72,11,12.45446230007795,0.9998315688500613,12.45236458067088,-1.4523645806708796,-0.4115757093220658
8,19,23,4,361,529,168,27,27.58583075446556,0.9998315688500613,27.581184441269574,-0.5811844412695741,-0.11066429538511133
9,23,29,6,529,841,312,47,47.86810846802496,0.9998315688500613,47.8600459874703,-0.8600459874703006,-0.12431831588863566
10,29,31,2,841,961,120,16,17.640450481834364,0.9998315688500613,17.63747928047427,-1.6374792804742704,-0.38990387838484053
11,31,37,6,961,1369,408,57,57.84078978469947,0.9998315688500613,57.831047593962666,-0.8310475939626656,-0.10928117771466192
12,37,41,4,1369,1681,312,44,42.57919950082203,0.9998315688500613,42.57202783728663,1.4279721627133668,0.21885555407674598
13,41,43,2,1681,1849,168,20,22.473632324082985,0.9998315688500613,22.46984706434734,-2.4698470643473414,-0.521038726693976
14,43,47,4,1849,2209,360,46,47.28357458597236,0.9998315688500613,47.275610559131636,-1.2756105591316356,-0.18552375777788935
15,47,53,6,2209,2809,600,80,76.68091418876526,0.9998315688500613,76.66799873421009,3.3320012657899127,0.38053805510850325
16,53,59,6,2809,3481,672,78,83.46597499141359,0.9998315688500613,83.45191672126504,-5.451916721265036,-0.5968030793420721
17,59,61,2,3481,3721,240,32,29.308550873972706,0.9998315688500613,29.303614401045966,2.696385598954034,0.49810557608024764
18,61,67,6,3721,4489,768,90,92.32826084087094,0.9998315688500613,92.31270988572567,-2.312709885725667,-0.2407079347840335
19,67,71,4,4489,5041,552,66,65.18380748821482,0.9998315688500613,65.1728285045622,0.8271714954377956,0.10246186938782333
20,71,73,2,5041,5329,288,30,33.67095295613581,0.9998315688500613,33.66528171880987,-3.6652817188098723,-0.6317077924929342
21,73,79,6,5329,6241,912,106,105.29054656980713,0.9998315688500613,105.27281236197071,0.7271876380292923,0.07087423345252875
22,79,83,4,6241,6889,648,75,73.7284483611071,0.9998315688500613,73.71603019376644,1.2839698062335572,0.14954566950151527
23,83,89,6,6889,7921,1032,114,115.83898114340309,0.9998315688500613,115.81947025060138,-1.819470250601384,-0.16906518027390965
24,89,97,8,7921,9409,1488,163,164.13797771092857,0.9998315688500613,164.11033176259411,-1.1103317625941145,-0.08667319415904032
25,97,101,4,9409,10201,792,89,86.17766286696474,0.9998315688500613,86.16314786410902,2.836852135890979,0.3056158832500339
26,101,103,2,10201,10609,408,42,44.10828067377906,0.9998315688500613,44.10085146534336,-2.1008514653433608,-0.3163529296341388
27,103,107,4,10609,11449,840,87,90.24505073470664,0.9998315688500613,90.22985065703512,-3.229850657035115,-0.34002223873028964
28,107,109,2,11449,11881,432,42,46.1327570509427,0.9998315688500613,46.124986857622766,-4.1249868576227655,-0.6073715448303584
29,109,113,4,11881,12769,888,100,94.27629636992742,0.9998315688500613,94.26041730491788,5.73958269508212,0.5911744261305083
30,113,127,14,12769,16129,3360,354,350.8902278320045,0.9998315688500613,350.8311269874285,3.1688730125715097,0.1691826318263648
31,127,131,4,16129,17161,1032,99,106.17642284997851,0.9998315688500613,106.15853943298151,-7.158539432981513,-0.6947794335927037
32,131,137,6,17161,18769,1608,165,164.15234447267744,0.9998315688500613,164.12469610453277,0.8753038954672263,0.06832378128727719
33,137,139,2,18769,19321,552,49,56.01491751678486,0.9998315688500613,56.00548285981379,-7.005482859813789,-0.936101199779774
34,139,149,10,19321,22201,2880,299,289.74231334017486,0.9998315688500613,289.6935117091531,9.306488290846914,0.546784822545795
35,149,151,2,22201,22801,600,58,59.87259417474843,0.9998315688500613,59.86250976486176,-1.8625097648617626,-0.24072494598066768
36,151,157,6,22801,24649,1848,182,183.44286257316435,0.9998315688500613,183.4119650808731,-1.4119650808731024,-0.10425817641717171
37,157,163,6,24649,26569,1920,186,189.15475980211158,0.9998315688500613,189.12290024840175,-3.1229002484017485,-0.22708374746864673
38,163,167,4,26569,27889,1320,128,129.26069773157815,0.9998315688500613,129.23892620361735,-1.2389262036173534,-0.10898049294675122
39,167,173,6,27889,29929,2040,198,198.60469958738258,0.9998315688500613,198.57124836944786,-0.5712483694478578,-0.040538417431738125
40,173,179,6,29929,32041,2112,195,204.23502640906509,0.9998315688500613,204.20062686870924,-9.200626868709236,-0.6438562010124599
41,179,181,2,32041,32761,720,76,69.324623922505,0.9998315688500613,69.31294749637867,6.687052503621331,0.803207119619904
42,181,191,10,32761,36481,3720,356,355.9249332571603,0.9998315688500613,355.86498441135996,0.13501558864004437,0.00715716921925443
43,191,193,2,36481,37249,768,77,73.03854178232086,0.9998315688500613,73.02623981673862,3.9737601832613763,0.4650098842445003
44,193,197,4,37249,38809,1560,144,147.92309036628149,0.9998315688500613,147.8981755100686,-3.8981755100685973,-0.32053833778797863
45,197,199,2,38809,39601,792,75,74.88271672960764,0.9998315688500613,74.87010414751833,0.1298958524816669,0.01501208676515637
46,199,211,12,39601,44521,4920,463,462.1368012082403,0.9998315688500613,462.0589629753838,0.9410370246162074,0.043778211121639446
47,211,223,12,44521,49729,5208,479,484.0169019038858,0.9998315688500613,483.9353783805084,-4.935378380508382,-0.22435035858453545
48,223,227,4,49729,51529,1800,168,166.17096304448205,0.9998315688500613,166.14297467809004,1.8570253219099584,0.144071087611721
49,227,229,2,51529,52441,912,82,83.98799064936975,0.9998315688500613,83.97384445552363,-1.9738444555236327,-0.21539762375464538
50,229,233,4,52441,54289,1848,166,169.77724009632584,0.9998315688500613,169.748644320543,-3.748644320543008,-0.2877206801831618
51,233,239,6,54289,57121,2832,270,259.1579729458708,0.9998315688500613,259.1143226704718,10.885677329528221,0.6762538446518739
52,239,241,2,57121,58081,960,90,87.58100027630098,0.9998315688500613,87.56624890771167,2.4337510922883325,0.2600804969795498
53,241,251,10,58081,63001,4920,438,446.8360158922105,0.9998315688500613,446.7607547882198,-8.7607547882198,-0.4144804174560104
54,251,257,6,63001,66049,3048,275,275.22194591977313,0.9998315688500613,275.1755899709335,-0.17558997093351536,-0.010585094846285031
55,257,263,6,66049,69169,3120,274,280.5404296374081,0.9998315688500613,280.49317789024,-6.49317789024002,-0.3877003113155559
56,263,269,6,69169,72361,3192,292,285.8417060763504,0.9998315688500613,285.7935614290955,6.206438570904481,0.36712692863931473
57,269,271,2,72361,73441,1080,91,96.45572666967837,0.9998315688500613,96.43948052071723,-5.439480520717225,-0.5538982520958999
58,271,277,6,73441,76729,3288,292,292.8841462439832,0.9998315688500613,292.8348154304325,-0.8348154304325135,-0.04878419165734449
59,277,281,4,76729,78961,2232,199,198.18095087510756,0.9998315688500613,198.14757102965572,0.8524289703442776,0.06055692645527576
60,281,283,2,78961,80089,1128,99,99.96617414429511,0.9998315688500613,99.94933672662901,-0.9493367266290136,-0.09495773005753626
61,283,293,10,80089,85849,5760,512,508.5649960638184,0.9998315688500613,508.4793378767128,3.5206621232871953,0.15613047931410828
62,293,307,14,85849,94249,8400,735,736.3458594603799,0.9998315688500613,736.2218358805184,-1.2218358805183698,-0.04503068230077007
63,307,311,4,94249,96721,2472,220,215.58092570294866,0.9998315688500613,215.54461515972767,4.45538484027233,0.3034706074678583
64,311,313,2,96721,97969,1248,107,108.65393215847507,0.9998315688500613,108.63563145173626,-1.6356314517362591,-0.15692759049163885
65,313,317,4,97969,100489,2520,215,219.03226940733657,0.9998315688500613,218.99537755032662,-3.995377550326623,-0.26998544447408834
66,317,331,14,100489,109561,9072,784,784.6672423056298,0.9998315688500613,784.535079899689,-0.5350798996889807,-0.019103478468593442
67,331,337,6,109561,113569,4008,341,344.8542999222318,0.9998315688500613,344.7962157159346,-3.7962157159345793,-0.20444177243515452
68,337,347,10,113569,120409,6840,579,586.1349117518894,0.9998315688500613,586.0361883746838,-7.036188374683775,-0.29065328815462615
69,347,349,2,120409,121801,1392,125,118.92956449593112,0.9998315688500613,118.90953305262136,6.090466947378644,0.558524532611981
70,349,353,4,121801,124609,2808,241,239.5581569650276,0.9998315688500613,239.51780790917277,1.4821920908272261,0.09577134515263865
71,353,359,6,124609,128881,4272,363,363.57827174066915,0.9998315688500613,363.5170338342671,-0.5170338342671243,-0.027117932843370218
72,359,367,8,128881,134689,5808,489,492.6696552898884,0.9998315688500613,492.586674373308,-3.5866743733080284,-0.16160344709381566
73,367,373,6,134689,139129,4440,381,375.4115412942465,0.9998315688500613,375.34831029664605,5.651689703353952,0.29171655559106613
74,373,379,6,139129,143641,4512,380,380.4643576887738,0.9998315688500613,380.40027563949764,-0.4002756394976359,-0.020522900924387695
75,379,383,4,143641,146689,3048,252,256.4446689868655,0.9998315688500613,256.4014757163724,-4.401475716372374,-0.2748767769649675
76,383,389,6,146689,151321,4632,394,388.86175966529845,0.9998315688500613,388.79626323195083,5.203736768049168,0.26390904703471263
77,389,397,8,151321,157609,6288,530,526.2963099835342,0.9998315688500613,526.2076652908352,3.792334709164834,0.16532101988572515
78,397,401,4,157609,160801,3192,262,266.49015507362856,0.9998315688500613,266.4452698303622,-4.445269830362179,-0.27232914382893425
79,401,409,8,160801,167281,6480,531,539.6494159258345,0.9998315688500613,539.5585221541464,-8.55852215414643,-0.36845079757241544
80,409,419,10,167281,175561,8280,670,687.0363295791576,0.9998315688500613,686.920611260117,-16.92061126011697,-0.6455988886332119
81,419,421,2,175561,177241,1680,151,139.06696857403585,0.9998315688500613,139.04354536460045,11.956454635399552,1.0139744315046937
82,421,431,10,177241,185761,8520,709,703.6141478628087,0.9998315688500613,703.4956373227711,5.504362677228869,0.2075278262856225
83,431,433,2,185761,187489,1728,151,142.3762889057507,0.9998315688500613,142.3523083036863,8.6476916963137,0.724799593405613
84,433,439,6,187489,192721,5232,424,430.42969896871364,0.9998315688500613,430.35720119954857,-6.3572011995485695,-0.30644420950628243
85,439,443,4,192721,196249,3528,290,289.70049805708186,0.9998315688500613,289.6517034690563,0.34829653094368496,0.02046496967261758
86,443,449,6,196249,201601,5352,430,438.66522351038293,0.9998315688500613,438.591338622349,-8.591338622348985,-0.41023320627966026
87,449,457,8,201601,208849,7248,599,592.5537507036643,0.9998315688500613,592.4539461940327,6.54605380596729,0.2689380629074286
88,457,461,4,208849,212521,3672,305,299.5569131409284,0.9998315688500613,299.50645842557594,5.493541574424057,0.3174309871402951
89,461,463,2,212521,214369,1848,145,150.59736750262527,0.9998315688500613,150.57200221483907,-5.572002214839074,-0.45408710346286857
90,463,467,4,214369,218089,3720,294,302.83100663764344,0.9998315688500613,302.78000046295836,-8.780000462958355,-0.5045810616045403
91,467,479,12,218089,229441,11352,934,921.5611956576395,0.9998315688500613,921.405976045716,12.594023954284012,0.41489576579740745
92,479,487,8,229441,237169,7728,612,625.2402513557572,0.9998315688500613,625.1349414212334,-13.134941421233407,-0.5253409477068435
93,487,491,4,237169,241081,3912,313,315.87288488099875,0.9998315688500613,315.8196820477638,-2.81968204776382,-0.15866478343921714
94,491,499,8,241081,249001,7920,654,638.239733500508,0.9998315688500613,638.1322340482579,15.867765951742058,0.62814577742673
95,499,503,4,249001,253009,4008,318,322.3622965111863,0.9998315688500613,322.30800065888803,-4.308000658888034,-0.23996075404198544
96,503,509,6,253009,259081,6072,483,487.5901680527786,0.9998315688500613,487.50804268007465,-4.508042680074652,-0.2041724436320242
97,509,521,12,259081,271441,12360,995,989.7212678062897,0.9998315688500613,989.5545679150343,5.44543208496566,0.17310613983497694
98,521,523,2,271441,273529,2088,165,166.83531298314483,0.9998315688500613,166.8072127195287,-1.8072127195287067,-0.13992710913993467
99,523,541,18,273529,292681,19152,1513,1525.6482911808562,0.9998315688500613,1525.3913244847706,-12.391324484770621,-0.3172686011161267
100,541,547,6,292681,299209,6528,498,518.1813790733613,0.9998315688500613,518.0941011878072,-20.094101187807155,-0.8828039365964313
101,547,557,10,299209,310249,11040,884,874.3089925092718,0.9998315688500613,874.1617316402617,9.838268359738322,0.3327536051972814
102,557,563,6,310249,316969,6720,536,530.9784812622056,0.9998315688500613,530.8890479460139,5.110952053986125,0.22181960305890164
103,563,569,6,316969,323761,6792,547,535.7652250672145,0.9998315688500613,535.6749855142592,11.32501448574078,0.48931449706161134
104,569,571,2,323761,326041,2280,189,179.6510029988749,0.9998315688500613,179.62074417385216,9.37925582614784,0.6998261009608682
105,571,577,6,326041,332929,6888,540,542.1374511262256,0.9998315688500613,542.0461382919076,-2.046138291907596,-0.08788542466195871
106,577,587,10,332929,344569,11640,912,914.1630885020168,0.9998315688500613,914.0091149617889,-2.009114961788896,-0.06645528493894876
107,587,593,6,344569,351649,7080,559,554.8480202541796,0.9998315688500613,554.754566564087,4.245433435913014,0.18024847250438106
108,593,599,6,351649,358801,7152,564,559.603082702688,0.9998315688500613,559.5088281119591,4.491171888040867,0.1898699365244962
109,599,601,2,358801,361201,2400,168,187.58998534979037,0.9998315688500613,187.55838935284092,-19.55838935284092,-1.4281204568336379
110,601,607,6,361201,368449,7248,582,565.9336938726592,0.9998315688500613,565.8383730098112,16.16162699018878,0.6794208665164041
111,607,613,6,368449,375769,7320,556,570.6746455138746,0.9998315688500613,570.5785261270898,-14.578526127089845,-0.6103176196843958
112,613,617,4,375769,380689,4920,376,383.0806971322163,0.9998315688500613,383.016174409879,-7.0161744098789995,-0.3585021951086756
113,617,619,2,380689,383161,2472,189,192.32897567193504,0.9998315688500613,192.2965814813961,-3.296581481396089,-0.23772673888287446
114,619,631,12,383161,398161,15000,1175,1165.00108619811,0.9998315688500613,1164.8048637254817,10.19513627451829,0.2987214767002655
115,631,641,10,398161,410881,12720,968,985.2513339435609,0.9998315688500613,985.0853869284061,-17.085386928406137,-0.5443620993463812
116,641,643,2,410881,413449,2568,194,198.62052836358635,0.9998315688500613,198.58707447959264,-4.587074479592644,-0.32550697774199727
117,643,647,4,413449,418609,5160,403,398.8096660591473,0.9998315688500613,398.74249408848624,4.257505911513761,0.2132107015395397
118,647,653,6,418609,426409,7800,602,602.1329571665119,0.9998315688500613,602.0315392201204,-0.03153922012040766,-0.0012854089763099086
119,653,659,6,426409,434281,7872,623,606.8302444376386,0.9998315688500613,606.7280353217504,16.27196467824956,0.6606066806265453
120,659,661,2,434281,436921,2640,211,203.31965234116797,0.9998315688500613,203.285406978319,7.714593021680997,0.5410780526320944
121,661,673,12,436921,452929,16008,1219,1230.8545176587286,0.9998315688500613,1230.6472034169121,-11.647203416912134,-0.3320128371608647
122,673,677,4,452929,458329,5400,404,414.44645495041186,0.9998315688500613,414.37664925741655,-10.376649257416545,-0.5097526594036669
123,677,683,6,458329,466489,8160,613,625.5658604128912,0.9998315688500613,625.4604956356594,-12.460495635659413,-0.49823631070595775
124,683,691,8,466489,477481,10992,859,841.352639936289,0.9998315688500613,841.2109299436406,17.789070056359378,0.6133392983092019
125,691,701,10,477481,491401,13920,1065,1063.3494021812367,0.9998315688500613,1063.1703010186407,1.8296989813593427,0.05611490449581784
126,701,709,8,491401,502681,11280,863,859.9918701149072,0.9998315688500613,859.8470206952858,3.152979304714222,0.1075252657931851
127,709,719,10,502681,516961,14280,1083,1086.6110175675276,0.9998315688500613,1086.4279984243026,-3.4279984243025865,-0.10400162832122128
128,719,727,8,516961,528529,11568,895,878.5716768356797,0.9998315688500613,878.4236979978467,16.576302002153284,0.5592881641148294
129,727,733,6,528529,537289,8760,666,664.3362826692755,0.9998315688500613,664.2243877452396,1.7756122547604036,0.06889547919236727
130,733,739,6,537289,546121,8832,649,668.9660304799254,0.9998315688500613,668.8533557621417,-19.853355762141746,-0.7676592189783303
131,739,743,4,546121,552049,5928,451,448.54711558007693,0.9998315688500613,448.4715662735981,2.528433726401886,0.11939444415200323
132,743,751,8,552049,564001,11952,888,903.2554579004718,0.9998315688500613,903.1033215450092,-15.10332154500918,-0.5025783181922583
133,751,757,6,564001,573049,9048,695,682.8272939857125,0.9998315688500613,682.712284599377,12.287715400623028,0.47027542568484343
134,757,761,4,573049,579121,6072,456,457.7802799064011,0.9998315688500613,457.7031754474372,-1.7031754474372178,-0.07960996354582378
135,761,769,8,579121,591361,12240,926,921.7035405956849,0.9998315688500613,921.5482970084398,4.4517029915601825,0.1466449564624929
136,769,773,4,591361,597529,6168,470,463.92060862965445,0.9998315688500613,463.84246994806267,6.157530051937329,0.28590469340633384
137,773,787,14,597529,619369,21840,1652,1639.8111767968076,0.9998315688500613,1639.5349815146174,12.465018485382643,0.307845339557328
138,787,797,10,619369,635209,15840,1162,1186.593996937343,0.9998315688500613,1186.3941375459285,-24.394137545928515,-0.7082245420401768
139,797,809,12,635209,654481,19272,1426,1440.711657027663,0.9998315688500613,1440.4689963065398,-14.468996306539793,-0.3812294549287745
140,809,811,2,654481,657721,3240,241,241.8981144477948,0.9998315688500613,241.85737127021036,-0.8573712702103649,-0.05513016121249065
141,811,821,10,657721,674041,16320,1217,1217.1077477830186,0.9998315688500613,1216.9027489254602,0.09725107453982673,0.0027878311893217438
142,821,823,2,674041,677329,3288,244,244.94391332483065,0.9998315688500613,244.90265713983885,-0.9026571398388512,-0.05768010909262628
143,823,827,4,677329,683929,6600,498,491.4089743164295,0.9998315688500613,491.3262057377952,6.673794262204808,0.3010841197786159
144,827,829,2,683929,687241,3312,246,246.46475901571102,0.9998315688500613,246.42324667293065,-0.4232466729306452,-0.026962037927763517
145,829,839,10,687241,703921,16680,1234,1239.9205144989974,0.9998315688500613,1239.7116732609077,-5.7116732609076735,-0.16221948195451488
146,839,853,14,703921,727609,23688,1772,1757.1325393870356,0.9998315688500613,1756.836583532832,15.163416467167963,0.3617690254380891
147,853,857,4,727609,734449,6840,505,506.58395383527386,0.9998315688500613,506.4986293173889,-1.498629317388918,-0.06658939776616685
148,857,859,2,734449,737881,3432,259,254.0489322895446,0.9998315688500613,254.00614253573838,4.993857464261623,0.31333869685325455
149,859,863,4,737881,744769,6888,490,509.61105605726334,0.9998315688500613,509.52522168107015,-19.52522168107015,-0.8649940698332249
150,863,877,14,744769,769129,24360,1808,1799.5122311753876,0.9998315688500613,1799.209137260962,8.790862739037948,0.20724815596732063
151,877,881,4,769129,776161,7032,512,518.6769808413519,0.9998315688500613,518.589619481022,-6.589619481022055,-0.2893666171799948
152,881,883,2,776161,779689,3528,262,260.0928941766033,0.9998315688500613,260.04908643134627,1.950913568653732,0.12097910382373407
153,883,887,4,779689,786769,7080,524,521.6939006645553,0.9998315688500613,521.6060311609504,2.3939688390496485,0.10482073266418447
154,887,907,20,786769,822649,35880,2648,2638.5959734477656,0.9998315688500613,2638.1515516937343,9.848448306265709,0.19174230304169038
155,907,911,4,822649,829921,7272,540,533.7368623473303,0.9998315688500613,533.6469644338405,6.3530355661595195,0.2750136594220458
156,911,919,8,829921,844561,14640,1074,1073.482783147745,0.9998315688500613,1073.30197520814,0.6980247918600071,0.02130639055251359
157,919,929,10,844561,863041,18480,1348,1353.1095224898309,0.9998315688500613,1352.8816166969648,-4.881616696964784,-0.13271920696583087
158,929,937,8,863041,877969,14928,1091,1091.4822118635202,0.9998315688500613,1091.2983722594383,-0.298372259438338,-0.00903205740787803
159,937,941,4,877969,885481,7512,552,548.7364440635138,0.9998315688500613,548.6440197532269,3.355980246773129,0.14327620544423875
160,941,947,6,885481,896809,11328,831,826.8459408178023,0.9998315688500613,826.7066742051683,4.2933257948317305,0.14932004902359194
161,947,953,6,896809,908209,11400,827,831.3324035238329,0.9998315688500613,831.1923812511261,-4.192381251126108,-0.145415263030016
162,953,967,14,908209,935089,26880,1964,1957.2037692678714,0.9998315688500613,1956.8741151863492,7.125884813650828,0.16108583536615148
163,967,971,4,935089,942841,7752,556,563.6780919524317,0.9998315688500613,563.583151003209,-7.583151003208968,-0.31942632410813987
164,971,977,6,942841,954529,11688,837,849.2442595875036,0.9998315688500613,849.1012204002825,-12.1012204002825,-0.41528805375337435
165,977,983,6,954529,966289,11760,846,853.7138544684567,0.9998315688500613,853.57006246223,-7.570062462229998,-0.2591074353632258
166,983,991,8,966289,982081,15792,1132,1145.2321473371558,0.9998315688500613,1145.039254569633,-13.03925456963293,-0.3853386544161869
167,991,997,6,982081,994009,11928,846,864.1301298052713,0.9998315688500613,863.9845833738115,-17.98458337381146,-0.6118534101935802
168,997,1009,12,994009,1018081,24072,1770,1741.6331434921594,0.9998315688500613,1741.3397982190297,28.660201780970283,0.686811377209916
169,1009,1013,4,1018081,1026169,8088,596,584.5032337674638,0.9998315688500613,584.4047852156575,11.595214784342488,0.4796472027284992
170,1013,1019,6,1026169,1038361,12192,872,880.4630371682724,0.9998315688500613,880.3147397664436,-8.314739766443608,-0.28023970972520257
171,1019,1021,2,1038361,1042441,4080,290,294.4760612677346,0.9998315688500613,294.4264623261059,-4.426462326105877,-0.25796949404851793
172,1021,1031,10,1042441,1062961,20520,1442,1479.7879480641423,0.9998315688500613,1479.5387056783843,-37.538705678384304,-0.9759242929143426
173,1031,1033,2,1062961,1067089,4128,304,297.4383100717241,0.9998315688500613,297.3882121951229,6.61178780487711,0.38340434657910955
174,1033,1039,6,1067089,1079521,12432,897,895.2743060932698,0.9998315688500613,895.123514012384,1.876485987615979,0.06271968129473009
175,1039,1049,10,1079521,1100401,20880,1516,1501.981603317443,0.9998315688500613,1501.7286228288094,14.27137717119058,0.36827323333793194
176,1049,1051,2,1100401,1104601,4200,300,301.87396670466114,0.9998315688500613,301.82312172531255,-1.8231217253125465,-0.1049396020784442
177,1051,1061,10,1104601,1125721,21120,1525,1516.7518939695,0.9998315688500613,1516.496425703827,8.503574296172928,0.21836388630002385
178,1061,1063,2,1125721,1129969,4248,311,304.82601112744305,0.9998315688500613,304.7746689318576,6.2253310681423955,0.356593168157547
179,1063,1069,6,1129969,1142761,12792,909,917.427304571087,0.9998315688500613,917.272781235193,-8.272781235192951,-0.273150680440377
180,1069,1087,18,1142761,1181569,38808,2821,2778.7997064817464,0.9998315688500613,2778.3316700517344,42.66832994826564,0.8094939365367253
181,1087,1091,4,1181569,1190281,8712,630,622.9072400678997,0.9998315688500613,622.80232308515,7.197676914850035,0.2884145968141345
182,1091,1093,2,1190281,1194649,4368,314,312.188818214403,0.9998315688500613,312.1362358927531,1.8637641072468796,0.10549183560885325
183,1093,1097,4,1194649,1203409,8760,611,625.8474983050837,0.9998315688500613,625.742086091258,-14.742086091257988,-0.589333678381227
184,1097,1103,6,1203409,1216609,13200,934,942.4443058802572,0.9998315688500613,942.2855689020646,-8.285568902064597,-0.2699175127124692
185,1103,1109,6,1216609,1229881,13272,940,946.8494347723899,0.9998315688500613,946.6899558332724,-6.689955833272393,-0.21742994995688192
186,1109,1117,8,1229881,1247689,17808,1253,1269.313427375324,0.9998315688500613,1269.0996354551185,-16.09963545511846,-0.4519268897425346
187,1117,1123,6,1247689,1261129,13440,967,957.1170513965626,0.9998315688500613,956.95584307097,10.04415692903001,0.32468897353918613
188,1123,1129,6,1261129,1274641,13512,976,961.5127816998138,0.9998315688500613,961.3508329963113,14.649167003688717,0.47246754014123254
189,1129,1151,22,1274641,1324801,50160,3551,3563.110056079371,0.9998315688500613,3562.5099173552676,-11.50991735526759,-0.192838686320915
190,1151,1153,2,1324801,1329409,4608,318,326.8430525612057,0.9998315688500613,326.7880020100133,-8.788002010013315,-0.48613523078957677
191,1153,1163,10,1329409,1352569,23160,1626,1641.5166181166423,0.9998315688500613,1641.2401355850095,-15.240135585009511,-0.37618611898092336
192,1163,1171,8,1352569,1371241,18672,1327,1321.9689624212915,0.9998315688500613,1321.7463016687677,5.253698331232272,0.14450773031311034
193,1171,1181,10,1371241,1394761,23520,1662,1663.3954427622084,0.9998315688500613,1663.1152751549812,-1.115275154981191,-0.027347702782875374
194,1181,1187,6,1394761,1408969,14208,1011,1003.8641729125084,0.9998315688500613,1003.6950909154824,7.30490908451759,0.23057590141728151
195,1187,1193,6,1408969,1423249,14280,976,1008.2311559182126,0.9998315688500613,1008.0613383852173,-32.061338385217255,-1.009806515205064
196,1193,1201,8,1423249,1442401,19152,1385,1351.0968058753497,0.9998315688500613,1350.8692390866577,34.13076091334233,0.9286227399365764
197,1201,1213,12,1442401,1471369,28968,2036,2041.179808029381,0.9998315688500613,2040.836009767083,-4.836009767082942,-0.107049123323926
198,1213,1217,4,1471369,1481089,9720,699,684.2661342937499,0.9998315688500613,684.1508825618868,14.84911743811324,0.5677075842913338
199,1217,1223,6,1481089,1495729,14640,1043,1030.027429720969,0.9998315688500613,1029.8539410165126,13.146058983487364,0.4096450948236116
200,1223,1229,6,1495729,1510441,14712,1052,1034.3790655971534,0.9998315688500613,1034.2048439416624,17.795156058337625,0.5533482199459927
201,1229,1231,2,1510441,1515361,4920,341,345.7596188423049,0.9998315688500613,345.70138215210096,-4.701382152100962,-0.25285700893048835
202,1231,1237,6,1515361,1530169,14808,1027,1040.1773542773444,0.9998315688500613,1040.0021560094233,-13.002156009423288,-0.40317932451658806
203,1237,1249,12,1530169,1560001,29832,2084,2093.3896886411967,0.9998315688500613,2093.037096608669,-9.03709660866889,-0.19753336503945831
204,1249,1259,10,1560001,1585081,25080,1735,1757.756084833367,0.9998315688500613,1757.4600239546867,-22.460023954686676,-0.5357565478478302
205,1259,1277,18,1585081,1630729,45648,3190,3194.311290433121,0.9998315688500613,3193.7732689092113,-3.7732689092113105,-0.06676759243059256
206,1277,1279,2,1630729,1635841,5112,372,357.33000461620395,0.9998315688500613,357.26981911261885,14.730180887381152,0.779309400489517
207,1279,1283,4,1635841,1646089,10248,691,716.1028647750209,0.9998315688500613,715.9822507460324,-24.982250746032378,-0.9336421174897188
208,1283,1289,6,1646089,1661521,15432,1072,1077.7601190386195,0.9998315688500613,1077.5785906624117,-5.578590662411671,-0.16994172350533823
209,1289,1291,2,1661521,1666681,5160,360,360.2145754895464,0.9998315688500613,360.153904134372,-0.15390413437199868,-0.0081097267834345
210,1291,1297,6,1666681,1682209,15528,1109,1083.526114048771,0.9998315688500613,1083.3436144993932,25.656385500606802,0.7794932495997754
211,1297,1301,4,1682209,1692601,10392,707,724.7518647376855,0.9998315688500613,724.6297939476875,-17.629793947687517,-0.6549213420999893
212,1301,1303,2,1692601,1697809,5208,366,363.09600955675705,0.9998315688500613,363.0348528783293,2.965147121670725,0.1556223918845764
213,1303,1307,4,1697809,1708249,10440,735,727.6317427428439,0.9998315688500613,727.5091868916819,7.490813108318093,0.27772163978153197
214,1307,1319,12,1708249,1739761,31512,2171,2194.4068464355805,0.9998315688500613,2194.037239967002,-23.037239967001824,-0.4918225631374346
215,1319,1321,2,1739761,1745041,5280,356,367.41235634387704,0.9998315688500613,367.35047265819634,-11.350472658196338,-0.5922071484308549
216,1321,1327,6,1745041,1760929,15888,1112,1105.1117414465698,0.9998315688500613,1104.9256062051472,7.074393794852767,0.21282503423756752
217,1327,1361,34,1760929,1852321,91392,6357,6343.649218812527,0.9998315688500613,6342.580750679795,14.419249320205381,0.18105463557263457
218,1361,1367,6,1852321,1868689,16368,1162,1133.804217101424,0.9998315688500613,1133.6132491533322,28.386750846667837,0.8431080372172782
219,1367,1373,6,1868689,1885129,16440,1123,1138.0995785828854,0.9998315688500613,1137.90788716212,-14.907887162120005,-0.44193921822213683
220,1373,1381,8,1885129,1907161,22032,1515,1524.1440025127959,0.9998315688500613,1523.8872891857804,-8.887289185780446,-0.2276632276690869
221,1381,1399,18,1907161,1957201,50040,3494,3457.2030474046187,0.9998315688500613,3456.620746719773,37.3792532802272,0.6357769157146811
222,1399,1409,10,1957201,1985281,28080,1902,1937.3314359072538,0.9998315688500613,1937.0051289456915,-35.00512894569147,-0.7953646712045429
223,1409,1423,14,1985281,2024929,39648,2762,2732.236586890038,0.9998315688500613,2731.7763931398035,30.22360686019647,0.5782607532336088
224,1423,1427,4,2024929,2036329,11400,796,784.9155934113951,0.9998315688500613,784.783389175392,11.216610824607983,0.4003932530315305
225,1427,1429,2,2036329,2042041,5712,381,393.17017145149293,0.9998315688500613,393.1039493473938,-12.10394934739378,-0.6104827460491064
226,1429,1433,4,2042041,2053489,11448,774,787.7647076986032,0.9998315688500613,787.6320235830044,-13.632023583004411,-0.4857341589611812
227,1433,1439,6,2053489,2070721,17232,1202,1185.2068233880273,0.9998315688500613,1185.0071976398488,16.992802360151245,0.49363337167597654
228,1439,1447,8,2070721,2093809,23088,1574,1586.9174465565302,0.9998315688500613,1586.650160226149,-12.650160226148955,-0.317581676011918
229,1447,1451,4,2093809,2105401,11592,791,796.3037905302481,0.9998315688500613,796.1696681671085,-5.169668167108512,-0.18321450485591337
230,1451,1453,2,2105401,2111209,5808,404,398.8628972193692,0.9998315688500613,398.7957162829226,5.204283717077374,0.26060678721677105
231,1453,1459,6,2111209,2128681,17472,1197,1199.4317952137499,0.9998315688500613,1199.229773537209,-2.2297735372089846,-0.06438868502601278
232,1459,1471,12,2128681,2163841,35160,2438,2411.6508085024834,0.9998315688500613,2411.2446113835567,26.75538861644327,0.5448671540558316
233,1471,1481,10,2163841,2193361,29520,2007,2022.723463538743,0.9998315688500613,2022.3827738997713,-15.382773899771337,-0.34206054079253323
234,1481,1483,2,2193361,2199289,5928,391,405.9635630515404,0.9998315688500613,405.8951861417824,-14.895186141782403,-0.7393311158748062
235,1483,1487,4,2199289,2211169,11880,829,813.3454075119807,0.9998315688500613,813.2084148096961,15.791585190303863,0.5537640976320362
236,1487,1489,2,2211169,2217121,5952,389,407.38169777204166,0.9998315688500613,407.31308200422194,-18.31308200422194,-0.9073968362056161
237,1489,1493,4,2217121,2229049,11928,813,816.1810177584703,0.9998315688500613,816.0435474510911,-3.043547451091058,-0.10654262912297496
238,1493,1499,6,2229049,2247001,17952,1220,1227.8144883156638,0.9998315688500613,1227.6076861094853,-7.6076861094852575,-0.2171314767079325
239,1499,1511,12,2247001,2283121,36120,2491,2468.376454487472,0.9998315688500613,2467.960703002761,23.039296997239035,0.46376727825791025
240,1511,1523,12,2283121,2319529,36408,2469,2485.360119377816,0.9998315688500613,2484.941507314897,-15.94150731489708,-0.31979472631331346
241,1523,1531,8,2319529,2343961,24432,1649,1666.3344871826994,0.9998315688500613,1666.0538245488408,-17.053824548840794,-0.41780850533350766
242,1531,1543,12,2343961,2380849,36888,2497,2513.6320001323766,0.9998315688500613,2513.2086262040716,-16.208626204071606,-0.3233195279300975
243,1543,1549,6,2380849,2399401,18552,1281,1263.170505661401,0.9998315688500613,1262.9577484005638,18.042251599436213,0.5076873285552993
244,1549,1553,4,2399401,2411809,12408,821,844.4659088910848,0.9998315688500613,844.3236745269663,-23.32367452696633,-0.8026800867287096
245,1553,1559,6,2411809,2430481,18672,1274,1270.2258300253598,0.9998315688500613,1270.0118844281267,3.9881155718733226,0.11190869794891489
246,1559,1567,8,2430481,2455489,25008,1702,1700.2152038501517,0.9998315688500613,1699.928834648224,2.071165351776017,0.05023418977677718
247,1567,1571,4,2455489,2468041,12552,857,852.9266886280675,0.9998315688500613,852.7830292050885,4.216970794911504,0.14440469670667105
248,1571,1579,8,2468041,2493241,25200,1691,1711.4888076078205,0.9998315688500613,1711.2005395798478,-20.200539579847828,-0.48832899967639726
249,1579,1583,4,2493241,2505889,12648,872,858.5610268620367,0.9998315688500613,858.4164184409898,13.583581559010213,0.46362333528452154
250,1583,1597,14,2505889,2550409,44520,3010,3019.7416017720243,0.9998315688500613,3019.23298322152,-9.232983221520044,-0.16803267171993358
251,1597,1601,4,2550409,2563201,12792,872,867.0033761345258,0.9998315688500613,866.8573457588827,5.14265424111727,0.17466806507038415
252,1601,1607,6,2563201,2582449,19248,1334,1304.0197686442698,0.9998315688500613,1303.8001310950942,30.19986890490577,0.8363721202269501
253,1607,1609,2,2582449,2588881,6432,431,435.61024361636373,0.9998315688500613,435.53687328210634,-4.536873282106342,-0.21739231372491616
254,1609,1613,4,2588881,2601769,12888,867,872.6255688769743,0.9998315688500613,872.4785915489424,-5.478591548942404,-0.1854776281587967
255,1613,1619,6,2601769,2621161,19392,1301,1312.450062183343,0.9998315688500613,1312.2290047101324,-11.229004710132358,-0.30998197969116953
256,1619,1621,2,2621161,2627641,6480,433,438.41954506229376,0.9998315688500613,438.3457015541633,-5.345701554163327,-0.25532675910830444
257,1621,1627,6,2627641,2647129,19488,1335,1318.066284893226,0.9998315688500613,1317.8442814731661,17.15571852683388,0.472581660552715
258,1627,1637,10,2647129,2679769,32640,2204,2206.1320346484717,0.9998315688500613,2205.7604532929595,-1.7604532929594825,-0.037483948640460646
259,1637,1657,20,2679769,2745649,65880,4446,4447.315583576477,0.9998315688500613,4446.566517098595,-0.5665170985948862,-0.008495728508737418
260,1657,1663,6,2745649,2765569,19920,1339,1343.3005009730987,0.9998315688500613,1343.0742473250066,-4.074247325006581,-0.11117250157681427
261,1663,1667,4,2765569,2778889,13320,893,897.8668893337017,0.9998315688500613,897.7156605810393,-4.7156605810392875,-0.15738855119940495
262,1667,1669,2,2778889,2785561,6672,450,449.63321978703607,0.9998315688500613,449.5574875467767,0.44251245322328714,0.020870501238097517
263,1669,1693,24,2785561,2866249,80688,5480,5431.962213639577,0.9998315688500613,5431.047301997511,48.95269800248934,0.6642550121201383
264,1693,1697,4,2866249,2879809,13560,885,911.8494199342094,0.9998315688500613,911.695836087839,-26.695836087838984,-0.8841349149973085
265,1697,1699,2,2879809,2886601,6792,462,456.6230669396755,0.9998315688500613,456.5461573914223,5.453842608577702,0.25524676977088756
266,1699,1709,10,2886601,2920681,34080,2288,2290.0964161801676,0.9998315688500613,2289.7106926073197,-1.7106926073197428,-0.035750463149340606
267,1709,1721,12,2920681,2961841,41160,2728,2763.4659084954765,0.9998315688500613,2763.0004547546923,-35.00045475469233,-0.6658604330688845
268,1721,1723,2,2961841,2968729,6888,477,462.2048413666198,0.9998315688500613,462.1269916736812,14.873008326318825,0.6918598899094778
269,1723,1733,10,2968729,3003289,34560,2327,2317.9942037537694,0.9998315688500613,2317.6037813244798,9.396218675520231,0.19517919391606384
270,1733,1741,8,3003289,3031081,27792,1846,1862.7557057236845,0.9998315688500613,1862.4419596381147,-16.441959638114668,-0.38098879579280065
271,1741,1747,6,3031081,3052009,20928,1379,1401.9411000352702,0.9998315688500613,1401.7049694836448,-22.704969483644845,-0.6064466704440221
272,1747,1753,6,3052009,3073009,21000,1404,1406.1172803194495,0.9998315688500613,1405.8804463689767,-1.8804463689766635,-0.050151826730923166
273,1753,1759,6,3073009,3094081,21072,1451,1410.2918399393384,0.9998315688500613,1410.0543028629882,40.94569713701185,1.0904113180935104
274,1759,1777,18,3094081,3157729,63648,4255,4255.9067718003935,0.9998315688500613,4255.189944528787,-0.18994452878723678,-0.002911838695061062
275,1777,1783,6,3157729,3179089,21360,1419,1426.9740059559408,0.9998315688500613,1426.733659083185,-7.733659083185103,-0.2047451249888632
276,1783,1787,4,3179089,3193369,14280,966,953.6308552966511,0.9998315688500613,953.4702341550765,12.529765844923531,0.4057788296495276
277,1787,1789,2,3193369,3200521,7152,494,477.5097071462951,0.9998315688500613,477.4292796372136,16.570720362786403,0.7583799866269808
278,1789,1801,12,3200521,3243601,43080,2898,2874.774477027997,0.9998315688500613,2874.290275457017,23.709724542983167,0.44224323237622076
279,1801,1811,10,3243601,3279721,36120,2418,2408.36264458581,0.9998315688500613,2407.957001296113,10.042998703886951,0.2046628619539371
280,1811,1823,12,3279721,3323329,43608,2888,2905.285067944671,0.9998315688500613,2904.7957274397772,-16.795727439777238,-0.3116312629537578
281,1823,1831,8,3323329,3352561,29232,1933,1946.0933364032244,0.9998315688500613,1945.765553664686,-12.765553664685967,-0.28939725026653396
282,1831,1847,16,3352561,3411409,58848,3930,3914.338178723061,0.9998315688500613,3913.6788822423696,16.321117757630418,0.26088992253341586
283,1847,1861,14,3411409,3463321,51912,3449,3449.255346696882,0.9998315688500613,3448.6743846524055,0.32561534759452115,0.005544709164805411
284,1861,1867,6,3463321,3485689,22368,1436,1485.1642307230795,0.9998315688500613,1484.914082803851,-48.91408280385099,-1.2693554481359677
285,1867,1871,4,3485689,3500641,14952,979,992.4123534319224,0.9998315688500613,992.2452002780204,-13.245200278020434,-0.42048356549354465
286,1871,1873,2,3500641,3508129,7488,493,496.8968702875427,0.9998315688500613,496.8131773762792,-3.8131773762792136,-0.1710765385482799
287,1873,1877,4,3508129,3523129,15000,986,995.1748512501072,0.9998315688500613,995.0072328055211,-9.007232805521085,-0.2855474387347466
288,1877,1879,2,3523129,3530641,7512,472,498.2778705903038,0.9998315688500613,498.19394507557126,-26.193945075571264,-1.173550249392271
289,1879,1889,10,3530641,3568321,37680,2505,2498.2916016023664,0.9998315688500613,2497.870811475026,7.12918852497387,0.1426445268563533
290,1889,1901,12,3568321,3613801,45480,3039,3013.1276383927616,0.9998315688500613,3012.620133839715,26.37986616028502,0.4806184081485441
291,1901,1907,6,3613801,3636649,22848,1530,1512.7694506968546,0.9998315688500613,1512.5146531986816,17.48534680131843,0.4495980873960461
292,1907,1913,6,3636649,3659569,22920,1482,1516.9045865632652,0.9998315688500613,1516.649092579403,-34.64909257940303,-0.8897117182180557
293,1913,1931,18,3659569,3728761,69192,4626,4575.510034071223,0.9998315688500613,4574.739375654629,51.26062434537107,0.7578804649924102
294,1931,1933,2,3728761,3736489,7728,524,510.6847941727028,0.9998315688500613,510.5987789455641,13.401221054435894,0.5930679910856126
295,1933,1949,16,3736489,3798601,62112,4052,4101.989346929826,0.9998315688500613,4101.298444147086,-49.29844414708623,-0.7697904635268995
296,1949,1951,2,3798601,3806401,7800,522,514.8117488979478,0.9998315688500613,514.725038563079,7.274961436920989,0.3206587152163293
297,1951,1973,22,3806401,3892729,86328,5701,5693.164623707358,0.9998315688500613,5692.2057174429965,8.794282557003498,0.11656284036458026
298,1973,1979,6,3892729,3916441,23712,1572,1562.296131038689,0.9998315688500613,1562.0329917047934,9.967008295206597,0.2521852714179972
299,1979,1987,8,3916441,3948169,31728,2105,2089.4670630684705,0.9998315688500613,2089.115131728279,15.884868271721189,0.34753810628572196
300,1987,1993,6,3948169,3972049,23880,1545,1571.9026592941373,0.9998315688500613,1571.6379019216406,-26.637901921640605,-0.671929593041212
301,1993,1997,4,3972049,3988009,15960,1038,1050.221174819104,0.9998315688500613,1050.0442848589391,-12.044284858939136,-0.37168686226606246
302,1997,1999,2,3988009,3996001,7992,522,525.7962543822941,0.9998315688500613,525.7076939145351,-3.7076939145350707,-0.1617080751333852
303,1999,2003,4,3996001,4012009,16008,1047,1052.963587309816,0.9998315688500613,1052.7862354419617,-5.786235441961708,-0.17833065389861863
304,2003,2011,8,4012009,4044121,32112,2145,2111.4100624657585,0.9998315688500613,2111.054435240945,33.94556475905483,0.7388109481755941
305,2011,2017,6,4044121,4068289,24168,1581,1588.3534739436582,0.9998315688500613,1588.0859457415327,-7.085945741532669,-0.17781189948663065
306,2017,2027,10,4068289,4108729,40440,2672,2656.3868433792377,0.9998315688500613,2655.9394250885252,16.06057491147476,0.3116391452862418
307,2027,2029,2,4108729,4116841,8112,532,532.6465733297518,0.9998315688500613,532.556859054895,-0.5568590548949715,-0.02413027629653395
308,2029,2039,10,4116841,4157521,40680,2636,2670.0761309592635,0.9998315688500613,2669.6264069661024,-33.62640696610242,-0.6508115023292104
309,2039,2053,14,4157521,4214809,57288,3786,3757.258642774599,0.9998315688500613,3756.6258033807794,29.374196619220584,0.4792554153781368
310,2053,2063,10,4214809,4255969,41160,2688,2697.4277792458306,0.9998315688500613,2696.9734483830957,-8.973448383095729,-0.17279096639455796
311,2063,2069,6,4255969,4280761,24792,1608,1623.9223498575157,0.9998315688500613,1623.648830748718,-15.648830748717955,-0.3883612062773959
312,2069,2081,12,4280761,4330561,49800,3234,3260.136307242734,0.9998315688500613,3259.587198735548,-25.5871987355481,-0.4481686156911243
313,2081,2083,2,4330561,4338889,8328,543,544.9488382464624,0.9998315688500613,544.8570518869788,-1.857051886978752,-0.07955779726841085
314,2083,2087,4,4338889,4355569,16680,1076,1091.2624847449479,0.9998315688500613,1091.0786821497572,-15.078682149757242,-0.4564942918890165
315,2087,2089,2,4355569,4363921,8352,539,546.3135494971648,0.9998315688500613,546.2215332777959,-7.2215332777958565,-0.30899041551213124
316,2089,2099,10,4363921,4405801,41880,2734,2738.38888378063,0.9998315688500613,2737.9276537919554,-3.9276537919554357,-0.07506236008378638
317,2099,2111,12,4405801,4456321,50520,3355,3301.0668009274523,0.9998315688500613,3300.510798450148,54.48920154985217,0.948461845934008
318,2111,2113,2,4456321,4464769,8448,556,551.7680521797156,0.9998315688500613,551.6751172521875,4.324882747812467,0.18413342855703896
319,2113,2129,16,4464769,4532641,67872,4418,4430.4927056222805,0.9998315688500613,4429.746472641077,-11.746472641077162,-0.17648915996686743
320,2129,2131,2,4532641,4541161,8520,552,555.8544116912526,0.9998315688500613,555.7607884934929,-3.760788493492896,-0.1595272792752895
321,2131,2137,6,4541161,4566769,25608,1677,1670.2858638986945,0.9998315688500613,1670.0045357299116,6.995464270088405,0.1711818507129533
322,2137,2141,4,4566769,4583881,17112,1121,1115.7922952468507,0.9998315688500613,1115.6043610674694,5.395638932530574,0.16154286392054112
323,2141,2143,2,4583881,4592449,8568,555,558.5765222866321,0.9998315688500613,558.4824406006546,-3.482440600654627,-0.14735977713474638
324,2143,2153,10,4592449,4635409,42960,2800,2799.6844821790583,0.9998315688500613,2799.2129281022594,0.7870718977405886,0.014876351749163066
325,2153,2161,8,4635409,4669921,34512,2230,2247.9070263469475,0.9998315688500613,2247.528408781545,-17.52840878154484,-0.36973443304865694
326,2161,2179,18,4669921,4748041,78120,5115,5084.292673657881,0.9998315688500613,5083.436320396232,31.563679603767923,0.4426993991280456
327,2179,2203,24,4748041,4853209,105168,6815,6836.089431811997,0.9998315688500613,6834.938021407914,-19.938021407913766,-0.24116527110130728
328,2203,2207,4,4853209,4870849,17640,1146,1145.6802758080303,0.9998315688500613,1145.4873075617138,0.5126924382861944,0.01514822584393612
329,2207,2213,6,4870849,4897369,26520,1753,1721.9106458678143,0.9998315688500613,1721.620622477639,31.379377522360983,0.7562677763938153
330,2213,2221,8,4897369,4932841,35472,2310,2302.2073976238607,0.9998315688500613,2301.8196341844814,8.180365815518599,0.17050498470594602
331,2221,2237,16,4932841,5004169,71328,4663,4626.094988365716,0.9998315688500613,4625.3158098671,37.68419013289986,0.5541004345929386
332,2237,2239,2,5004169,5013121,8952,563,580.293518860708,0.9998315688500613,580.1957793560243,-17.19577935602433,-0.7138953962913988
333,2239,2243,4,5013121,5031049,17928,1167,1161.9409775954555,0.9998315688500613,1161.7452705404382,5.254729459561759,0.15416823651239758
334,2243,2251,8,5031049,5067001,35952,2313,2329.29647162481,0.9998315688500613,2328.904145541546,-15.904145541545859,-0.32956003051751537
335,2251,2267,16,5067001,5139289,72288,4677,4680.2411046708585,0.9998315688500613,4679.452806279608,-2.452806279608012,-0.03585631987512447
336,2267,2269,2,5139289,5148361,9072,589,587.0587944862782,0.9998315688500613,586.9599154984412,2.0400845015587947,0.08420617392563423
337,2269,2273,4,5148361,5166529,18168,1169,1175.4695441110525,0.9998315688500613,1175.27155842402,-6.271558424019986,-0.18293902461700784
338,2273,2281,8,5166529,5202961,36432,2342,2356.345685599139,0.9998315688500613,2355.9488035856602,-13.948803585660244,-0.2873783418645384
339,2281,2287,6,5202961,5230369,27408,1785,1771.9886645003571,0.9998315688500613,1771.690206411917,13.30979358808304,0.31621133093306114
340,2287,2293,6,5230369,5257849,27480,1790,1776.0411333016236,0.9998315688500613,1775.7419926512032,14.25800734879681,0.33835211980984337
341,2293,2297,4,5257849,5276209,18360,1194,1186.278216537903,0.9998315688500613,1186.0784103337444,7.921589666255613,0.23001472641961884
342,2297,2309,12,5276209,5331481,55272,3557,3569.6346668709884,0.9998315688500613,3569.0334291991862,-12.03342919918623,-0.20142533711595584
343,2309,2311,2,5331481,5340721,9240,603,596.5136622134596,0.9998315688500613,596.4131907313789,6.586809268621096,0.2697127442725899
344,2311,2333,22,5340721,5442889,102168,6582,6591.324881941313,0.9998315688500613,6590.214697511828,-8.21469751182758,-0.10119097825696258
345,2333,2339,6,5442889,5470921,28032,1808,1807.071509911446,0.9998315688500613,1806.76714277901,1.2328572209898994,0.029004253430414195
346,2339,2341,2,5470921,5480281,9360,595,603.2555512635154,0.9998315688500613,603.1539442373091,-8.153944237309133,-0.33201190077130743
347,2341,2347,6,5480281,5508409,28128,1827,1812.4612074242905,0.9998315688500613,1812.1559324989048,14.844067501095196,0.3487025617941077
348,2347,2351,4,5508409,5527201,18792,1170,1210.5525123535772,0.9998315688500613,1210.3486176018603,-40.34861760186027,-1.1597741391660925
349,2351,2357,6,5527201,5555449,28248,1804,1819.195490344311,0.9998315688500613,1818.889081155909,-14.889081155909025,-0.34911200976732215
350,2357,2371,14,5555449,5621641,66192,4253,4260.494993536267,0.9998315688500613,4259.777393465198,-6.777393465197747,-0.10384109219260948
351,2371,2377,6,5621641,5650129,28488,1815,1832.6546545252786,0.9998315688500613,1832.3459783943765,-17.345978394376516,-0.405223908794505
352,2377,2381,4,5650129,5669161,19032,1207,1224.0116829441395,0.9998315688500613,1223.8055212488428,-16.80552124884275,-0.4803920185411863
353,2381,2383,2,5669161,5678689,9528,615,612.678291416436,0.9998315688500613,612.5750973072702,2.424902692729802,0.09797485895485565
354,2383,2389,6,5678689,5707321,28632,1867,1840.7241790254484,0.9998315688500613,1840.4141437352553,26.585856264744734,0.6197162315941955
355,2389,2393,4,5707321,5726449,19128,1238,1229.3901283335872,0.9998315688500613,1229.1830607405486,8.816939259451374,0.2514835403101609
356,2393,2399,6,5726449,5755201,28752,1852,1847.4453845308162,0.9998315688500613,1847.1342171802507,4.865782819749256,0.11321487565797778
357,2399,2411,12,5755201,5812921,57720,3664,3706.9834085857146,0.9998315688500613,3706.359037107403,-42.359037107402855,-0.6957806323359527
358,2411,2417,6,5812921,5841889,28968,1837,1859.5358217904577,0.9998315688500613,1859.2226180336413,-22.22261803364131,-0.5153823299717897
359,2417,2423,6,5841889,5870929,29040,1860,1863.563770809793,0.9998315688500613,1863.2498886208914,-3.2498886208913973,-0.07528924208852553
360,2423,2437,14,5870929,5938969,68040,4447,4363.973578630306,0.9998315688500613,4363.238549542156,83.76145045784415,1.2680597288048836
361,2437,2441,4,5938969,5958481,19512,1238,1250.8745156675577,0.9998315688500613,1250.6638294344548,-12.663829434454783,-0.3580921145420308
362,2441,2447,6,5958481,5987809,29328,1876,1879.664670946193,0.9998315688500613,1879.3480768641664,-3.348076864166387,-0.07723102662273953
363,2447,2459,12,5987809,6046681,58872,3748,3771.39581711567,0.9998315688500613,3770.760596581319,-22.760596581319078,-0.3706544010138484
364,2459,2467,8,6046681,6086089,39408,2496,2523.198557890544,0.9998315688500613,2522.773572655915,-26.773572655914904,-0.5330490708925936
365,2467,2473,6,6086089,6115729,29640,1931,1897.087821214227,0.9998315688500613,1896.7682925309653,34.231707469034745,0.785997964994955
366,2473,2477,4,6115729,6135529,19800,1255,1266.9574324282003,0.9998315688500613,1266.744037330933,-11.744037330932997,-0.32996888460225454
367,2477,2503,26,6135529,6265009,129480,8280,8278.72858114267,0.9998315688500613,8277.334185367718,2.6658146322824905,0.02930115249117751
368,2503,2521,18,6265009,6355441,90432,5809,5775.571145479567,0.9998315688500613,5774.598359389982,34.40164061001815,0.4527080977559503
369,2521,2531,10,6355441,6405961,50520,3183,3224.2447729659616,0.9998315688500613,3223.701709711167,-40.70170971116704,-0.7168614522930364
370,2531,2539,8,6405961,6446521,40560,2561,2587.4115049176035,0.9998315688500613,2586.9757042224655,-25.975704222465538,-0.5107062296419957
371,2539,2543,4,6446521,6466849,20328,1311,1296.376805608801,0.9998315688500613,1296.1584553726786,14.841544627321355,0.4122399280602693
372,2543,2549,6,6466849,6497401,30552,1929,1947.903166217322,0.9998315688500613,1947.5750786470667,-18.575078647066675,-0.4209044883667854
373,2549,2551,2,6497401,6507601,10200,657,650.1910252033849,0.9998315688500613,650.08151278133,6.918487218669952,0.271348381275021
374,2551,2557,6,6507601,6538249,30648,1954,1953.242453155457,0.9998315688500613,1952.913466282963,1.0865337170369003,0.024586782972799787
375,2557,2579,22,6538249,6651241,112992,7208,7196.131443042075,0.9998315688500613,7194.919390348014,13.080609651986379,0.154210881418733
376,2579,2591,12,6651241,6713281,62040,3947,3947.8298704898916,0.9998315688500613,3947.1649329650427,-0.16493296504268073,-0.0026252147127374904
377,2591,2593,2,6713281,6723649,10368,676,659.5264551530126,0.9998315688500613,659.4153703537562,16.584629646243798,0.6458419410194143
378,2593,2609,16,6723649,6806881,83232,5279,5292.197272388905,0.9998315688500613,5291.305901516614,-12.30590151661363,-0.16917336982671283
379,2609,2617,8,6806881,6848689,41808,2667,2656.7518690546276,0.9998315688500613,2656.304389282221,10.69561071777889,0.2075232058384631
380,2617,2621,4,6848689,6869641,20952,1372,1331.0382085813908,0.9998315688500613,1330.8140202853072,41.18597971469285,1.1289916176875785
381,2621,2633,12,6869641,6932689,63048,3990,4003.760192646121,0.9998315688500613,4003.085834712795,-13.085834712795076,-0.2068254506208117
382,2633,2647,14,6932689,7006609,73920,4713,4691.227451492217,0.9998315688500613,4690.437302657939,22.562697342061256,0.3294460844574573
383,2647,2657,10,7006609,7059649,53040,3419,3364.1716609031428,0.9998315688500613,3363.6050296017056,55.39497039829439,0.9551417702142699
384,2657,2659,2,7059649,7070281,10632,638,674.1633515632711,0.9998315688500613,674.0498014547209,-36.049801454720864,-1.3885351706826101
385,2659,2663,4,7070281,7091569,21288,1382,1349.6554332856322,0.9998315688500613,1349.4281092689828,32.57189073101722,0.886682409861705
386,2663,2671,8,7091569,7134241,42672,2672,2704.6247776894597,0.9998315688500613,2704.1692346280006,-32.169234628000595,-0.6186197690576187
387,2671,2677,6,7134241,7166329,32088,2030,2033.117122356256,0.9998315688500613,2032.7746821013775,-2.7746821013774934,-0.06154157563150923
388,2677,2683,6,7166329,7198489,32160,2023,2037.100508188887,0.9998315688500613,2036.7573970077522,-13.75739700775216,-0.3048362560905859
389,2683,2687,4,7198489,7219969,21480,1360,1360.279520551965,0.9998315688500613,1360.0504071080804,-0.05040710808043514,-0.0013668292992703292
390,2687,2689,2,7219969,7230721,10752,674,680.8034076887998,0.9998315688500613,680.6887391879606,-6.68873918796055,-0.2563716384627227
391,2689,2693,4,7230721,7252249,21528,1380,1362.9339319997234,0.9998315688500613,1362.7043714702663,17.295628529733676,0.4685279723394785
392,2693,2699,6,7252249,7284601,32352,2052,2047.7181559054297,0.9998315688500613,2047.3732563816802,4.626743618319779,0.10225320317969128
393,2699,2707,8,7284601,7327849,43248,2737,2736.481598428916,0.9998315688500613,2736.0206896865066,0.9793103134934427,0.01872236206545537
394,2707,2711,4,7327849,7349521,21672,1349,1370.8933292253641,0.9998315688500613,1370.6624280854794,-21.662428085479405,-0.5851158730409812
395,2711,2713,2,7349521,7360369,10848,689,686.1096734583261,0.9998315688500613,685.9941112170414,3.00588878295855,0.11476585961572724
396,2713,2719,6,7360369,7392961,32592,2060,2060.980632745428,0.9998315688500613,2060.633499407453,-0.6334994074532005,-0.013955513946609606
397,2719,2729,10,7392961,7447441,54480,3456,3443.804319220071,0.9998315688500613,3443.224275298421,12.775724701578838,0.21772228773678315
398,2729,2731,2,7447441,7458361,10920,684,690.0860377567587,0.9998315688500613,689.9698057718628,-5.969805771862752,-0.22727159439639075
399,2731,2741,10,7458361,7513081,54720,3407,3457.054134540027,0.9998315688500613,3456.4718589367462,-49.47185893674623,-0.841475967108174
400,2741,2749,8,7513081,7557001,43920,2797,2773.5899507966824,0.9998315688500613,2773.122791851811,23.877208148188856,0.4534182487869209
401,2749,2753,4,7557001,7579009,22008,1363,1389.4430915099801,0.9998315688500613,1389.2090660123029,-26.209066012302856,-0.7031819920305887
402,2753,2767,14,7579009,7656289,77280,4907,4876.948702510912,0.9998315688500613,4876.127272432756,30.8727275672436,0.44211727464008205
403,2767,2777,10,7656289,7711729,55440,3503,3496.766036348301,0.9998315688500613,3496.1770720237323,6.822927976267692,0.11539156848840008
404,2777,2789,12,7711729,7778521,66792,4178,4210.6668168837205,0.9998315688500613,4209.957609429744,-31.95760942974357,-0.4925331014700442
405,2789,2791,2,7778521,7789681,11160,685,703.3202483978821,0.9998315688500613,703.2017873596693,-18.20178735966931,-0.6863949087050835
406,2791,2797,6,7789681,7823209,33528,2132,2112.604255775688,0.9998315688500613,2112.2484274115227,19.751572588477302,0.42976315715557145
407,2797,2801,4,7823209,7845601,22392,1427,1410.6054226300912,0.9998315688500613,1410.3678327366479,16.63216726335213,0.4428765107399357
408,2801,2803,2,7845601,7856809,11208,704,705.9633850898826,0.9998315688500613,705.8444788651174,-1.8444788651173667,-0.06942552494422097
409,2803,2819,16,7856809,7946761,89952,5689,5663.558783140266,0.9998315688500613,5662.604863421677,26.395136578323218,0.35076462250755064
410,2819,2833,14,7946761,8025889,79128,4952,4978.72155986994,0.9998315688500613,4977.882988072387,-25.88298807238698,-0.36685299611927513
411,2833,2837,4,8025889,8048569,22680,1407,1426.4514682703884,0.9998315688500613,1426.2112094092558,-19.211209409255844,-0.5087012247623082
412,2837,2843,6,8048569,8082649,34080,2143,2142.9758607143303,0.9998315688500613,2142.6149168258194,0.385083174180636,0.008319217541148186
413,2843,2851,8,8082649,8128201,45552,2873,2863.457243183977,0.9998315688500613,2862.974947787707,10.025052212292849,0.1873604277731032
414,2851,2857,6,8128201,8162449,34248,2126,2152.2088404142996,0.9998315688500613,2151.8463414044004,-25.84634140440039,-0.5571773437335621
415,2857,2861,4,8162449,8185321,22872,1452,1437.0034476125147,0.9998315688500613,1436.7614114693674,15.238588530632569,0.4020244022513121
416,2861,2879,18,8185321,8288641,103320,6495,6488.263667442487,0.9998315688500613,6487.170841731874,7.829158268125866,0.09720473146328212
417,2879,2887,8,8288641,8334769,46128,2879,2895.091734981397,0.9998315688500613,2894.604111351296,-15.60411135129607,-0.2900310223551223
418,2887,2897,10,8334769,8392609,57840,3641,3628.742065960192,0.9998315688500613,3628.1308727611913,12.869127238808687,0.21365232469717366
419,2897,2903,6,8392609,8427409,34800,2164,2182.5116185524967,0.9998315688500613,2182.1440156108292,-18.14401561082923,-0.38841116571288736
420,2903,2909,6,8427409,8462281,34872,2168,2186.460329381167,0.9998315688500613,2186.092061353594,-18.09206135359409,-0.3869490887789596
421,2909,2917,8,8462281,8508889,46608,2932,2921.4213650283637,0.9998315688500613,2920.9293066683963,11.070693331603707,0.20483977847778692
422,2917,2927,10,8508889,8567329,58440,3676,3661.643142142915,0.9998315688500613,3661.026407377819,14.973592622181059,0.24747115347892992
423,2927,2939,12,8567329,8637721,70392,4454,4408.437229353469,0.9998315688500613,4407.694711201496,46.30528879850408,0.6974688946310825
424,2939,2953,14,8637721,8720209,82488,5184,5163.11281467462,0.9998315688500613,5162.243185645981,21.756814354019298,0.3028140879651622
425,2953,2957,4,8720209,8743849,23640,1484,1479.117047100095,0.9998315688500613,1478.8679177149581,5.132082285041861,0.1334531770389274
426,2957,2963,6,8743849,8779369,35520,2222,2221.9595806826837,0.9998315688500613,2221.585333475392,0.41466652460803743,0.008797666140061179
427,2963,2969,6,8779369,8814961,35592,2234,2225.8996316230623,0.9998315688500613,2225.52472078846,8.475279211540055,0.17965437727561195
428,2969,2971,2,8814961,8826841,11880,746,742.8419630292337,0.9998315688500613,742.716845303178,3.2831546968219527,0.12047022165139351
429,2971,2999,28,8826841,8994001,167160,10424,10445.727130769752,0.9998315688500613,10443.96774493717,-19.96774493717021,-0.19538726760052064
430,2999,3001,2,8994001,9006001,12000,721,749.4035140005872,0.9998315688500613,749.2772911049559,-28.277291104955907,-1.0330385242695908
431,3001,3011,10,9006001,9066121,60120,3710,3753.574738502968,0.9998315688500613,3752.9425195933813,-42.94251959338135,-0.7009734453370963
432,3011,3019,8,9066121,9114361,48240,3020,3010.726526115439,0.9998315688500613,3010.219425984494,9.780574015505863,0.17826466483180198
433,3019,3023,4,9114361,9138529,24168,1508,1507.9848252859665,0.9998315688500613,1507.7308336677536,0.26916633224641373,0.006932004380745586
434,3023,3037,14,9138529,9223369,84840,5317,5291.705868499004,0.9998315688500613,5290.814580394435,26.185419605564675,0.3599964903102358
435,3037,3041,4,9223369,9247681,24312,1516,1515.846081990283,0.9998315688500613,1515.5907662915633,0.40923370843665907,0.010511880710871885
436,3041,3049,8,9247681,9296401,48720,3043,3036.930724722217,0.9998315688500613,3036.4192109879677,6.580789012032255,0.1194255092278973
437,3049,3061,12,9296401,9369721,73320,4591,4568.488813566975,0.9998315688500613,4567.719337742624,23.280662257376207,0.3444654153897056
438,3061,3067,6,9369721,9406489,36768,2270,2290.134347275016,0.9998315688500613,2289.7486173133902,-19.74861731339024,-0.41270790883551767
439,3067,3079,12,9406489,9480241,73752,4553,4592.044468427426,0.9998315688500613,4591.2710250970395,-38.271025097039455,-0.5648116290948182
440,3079,3083,4,9480241,9504889,24648,1537,1534.1697182409698,0.9998315688500613,1533.9113162711253,3.0886837288746847,0.0788630037469879
441,3083,3089,6,9504889,9541921,37032,2308,2304.52396027965,0.9998315688500613,2304.1358066589587,3.8641933410413003,0.0805016554340708
442,3089,3109,20,9541921,9665881,123960,7740,7710.071399165667,0.9998315688500613,7708.772782973796,31.227217026204016,0.3556646146872463
443,3109,3119,10,9665881,9728161,62280,3854,3871.370218504453,0.9998315688500613,3870.7181591667118,-16.718159166711757,-0.26871547687930214
444,3119,3121,2,9728161,9740641,12480,795,775.5803270357428,0.9998315688500613,775.4496951493903,19.550304850609677,0.7020640240618896
445,3121,3137,16,9740641,9840769,100128,6213,6220.313018736197,0.9998315688500613,6219.265324261472,-6.265324261472415,-0.0794463611765678
446,3137,3163,26,9840769,10004569,163800,10057,10167.395975454012,0.9998315688500613,10165.683469257983,-108.68346925798323,-1.0779415229724842
447,3163,3167,4,10004569,10029889,25320,1583,1570.7374570362736,0.9998315688500613,1570.4728959201332,12.527104079866831,0.3161079824921458
448,3167,3169,2,10029889,10042561,12672,789,786.0207631039666,0.9998315688500613,785.8883727229613,3.1116272770386786,0.11099595143434421
449,3169,3181,12,10042561,10118761,76200,4745,4725.251223280677,0.9998315688500613,4724.45534378339,20.544656216609837,0.29889799666957856
450,3181,3187,6,10118761,10156969,38208,2378,2368.4914294026094,0.9998315688500613,2368.092501667535,9.907498332464911,0.20359386009791153
451,3187,3191,4,10156969,10182481,25512,1563,1581.1662784892833,0.9998315688500613,1580.899960834753,-17.899960834753074,-0.45019419051583326
452,3191,3203,12,10182481,10259209,76728,4722,4753.921848547878,0.9998315688500613,4753.121140024208,-31.121140024208216,-0.45140467866291734
453,3203,3209,6,10259209,10297681,38472,2401,2382.822438782314,0.9998315688500613,2382.42109725885,18.57890274115016,0.38063682147114253
454,3209,3217,8,10297681,10349089,51408,3165,3183.1734446074115,0.9998315688500613,3182.637299043682,-17.637299043682106,-0.3126356536630755
455,3217,3221,4,10349089,10374841,25752,1604,1594.1905734922038,0.9998315688500613,1593.9220621406891,10.07793785931085,0.25242835387655815
456,3221,3229,8,10374841,10426441,51600,3212,3193.5877028316027,0.9998315688500613,3193.0498031823845,18.950196817615506,0.33535970482100597
457,3229,3251,22,10426441,10569001,142560,8870,8818.14790674462,0.9998315688500613,8816.662655952357,53.337344047642546,0.5680404646446944
458,3251,3253,2,10569001,10582009,13008,784,804.2512063354952,0.9998315688500613,804.1157453799725,-20.11574537997251,-0.7093765809065129
459,3253,3257,4,10582009,10608049,26040,1601,1609.8027139513288,0.9998315688500613,1609.5315730290436,-8.531573029043557,-0.21265684309211494
460,3257,3259,2,10608049,10621081,13032,798,805.5514510514913,0.9998315688500613,805.4157710942559,-7.415771094255888,-0.26130411624268707
461,3259,3271,12,10621081,10699441,78360,4896,4842.408244977007,0.9998315688500613,4841.592632587833,54.40736741216733,0.7819222828745918
462,3271,3299,28,10699441,10883401,183960,11328,11359.588615703164,0.9998315688500613,11357.67530712979,-29.67530712978987,-0.27845210028177464
463,3299,3301,2,10883401,10896601,13200,810,814.646076570265,0.9998315688500613,814.5088647947953,-4.508864794795272,-0.15798625514461848
464,3301,3307,6,10896601,10936249,39648,2465,2446.5347380938474,0.9998315688500613,2446.122665434545,18.87733456545493,0.3816818926232476
465,3307,3313,6,10936249,10975969,39720,2461,2450.4289175780723,0.9998315688500613,2450.0161890176414,10.983810982358591,0.2219057591051572
466,3313,3319,6,10975969,11015761,39792,2435,2454.3223487589275,0.9998315688500613,2453.908964423406,-18.908964423405905,-0.38171438008525244
467,3319,3323,4,11015761,11042329,26568,1630,1638.3775477037998,0.9998315688500613,1638.1015938894063,-8.101593889406331,-0.20017049030886858
468,3323,3329,6,11042329,11082241,39912,2506,2460.809742256417,0.9998315688500613,2460.3952652417483,45.60473475825165,0.9194063371560062
469,3329,3331,2,11082241,11095561,13320,819,821.1347160387086,0.9998315688500613,820.9964113742316,-1.9964113742315703,-0.06967538965030554
470,3331,3343,12,11095561,11175649,80088,4937,4935.886791748344,0.9998315688500613,4935.055434660043,1.9445653399570801,0.027680665223322885
471,3343,3347,4,11175649,11202409,26760,1665,1648.7534131819848,0.9998315688500613,1648.4757117486372,16.524288251362805,0.4069878890402523
472,3347,3359,12,11202409,11282881,80472,4913,4956.6306223757565,0.9998315688500613,4955.795771380208,-42.79577138020795,-0.607916818172246
473,3359,3361,2,11282881,11296321,13440,849,827.6171646601288,0.9998315688500613,827.4777681493761,21.52223185062394,0.74818524355567
474,3361,3371,10,11296321,11363641,67320,4112,4144.564451057813,0.9998315688500613,4143.866377301327,-31.866377301326793,-0.4950280662953998
475,3371,3373,2,11363641,11377129,13488,828,830.208425642224,0.9998315688500613,830.0685926824043,-2.068592682404301,-0.07179893347918868
476,3373,3389,16,11377129,11485321,108192,6652,6657.209279675037,0.9998315688500613,6656.087998260678,-4.087998260678432,-0.05010731997784064
477,3389,3391,2,11485321,11498881,13560,837,834.0934890561039,0.9998315688500613,833.9530017305858,3.046998269414189,0.1055118941222648
478,3391,3407,16,11498881,11607649,108768,6724,6688.281051892089,0.9998315688500613,6687.154537023405,36.84546297659472,0.45057110607386763
479,3407,3413,6,11607649,11648569,40920,2530,2515.2229790766723,0.9998315688500613,2514.7993371779544,15.200662822045615,0.3031173930023753
480,3413,3433,20,11648569,11785489,136920,8408,8412.103405179107,0.9998315688500613,8410.686544929169,-2.686544929169031,-0.02929398023214876
481,3433,3449,16,11785489,11895601,110112,6745,6760.714401631034,0.9998315688500613,6759.575686729961,-14.57568672996058,-0.17728390447763132
482,3449,3457,8,11895601,11950849,55248,3419,3390.6964336045785,0.9998315688500613,3390.1253347051734,28.874665294826627,0.4959170974144481
483,3457,3461,4,11950849,11978521,27672,1699,1697.9322867946466,0.9998315688500613,1697.6463021070638,1.353697892936225,0.03285474849774813
484,3461,3463,2,11978521,11992369,13848,857,849.6120688605588,0.9998315688500613,849.4689677227988,7.531032277201234,0.25839300337154575
485,3463,3467,4,11992369,12020089,27720,1698,1700.5158573755762,0.9998315688500613,1700.2294375342294,-2.229437534229419,-0.05406815410043175
486,3467,3469,2,12020089,12033961,13872,821,850.9037360586226,0.9998315688500613,850.760417363871,-29.760417363871056,-1.0203176037745563
487,3469,3491,22,12033961,12187081,153120,9390,9388.348564237007,0.9998315688500613,9386.767273892307,3.232726107693452,0.03336651781717001
488,3491,3499,8,12187081,12243001,55920,3429,3426.8532453391235,0.9998315688500613,3426.27605650634,2.7239434936600446,0.04653577152211003
489,3499,3511,12,12243001,12327121,84120,5178,5153.182725453051,0.9998315688500613,5152.314768960759,25.685231039241444,0.3578345600328941
490,3511,3517,6,12327121,12369289,42168,2626,2582.39613511716,0.9998315688500613,2581.961179166525,44.0388208334748,0.8666840973990588
491,3517,3527,10,12369289,12439729,70440,4294,4312.590814154944,0.9998315688500613,4311.864439524901,-17.864439524901172,-0.27205508389036875
492,3527,3529,2,12439729,12453841,14112,873,863.80751964706,0.9998315688500613,863.6620275532001,9.337972446799881,0.3177464267854138
493,3529,3533,4,12453841,12482089,28248,1724,1728.9041907032952,0.9998315688500613,1728.612989382321,-4.612989382321075,-0.11095159987146534
494,3533,3539,6,12482089,12524521,42432,2596,2596.578780143056,0.9998315688500613,2596.14143539321,-0.14143539321003118,-0.0027758367923502204
495,3539,3541,2,12524521,12538681,14160,825,866.3854894123506,0.9998315688500613,866.2395631080786,-41.23956310807864,-1.401183608617554
496,3541,3547,6,12538681,12581209,42528,2592,2601.733798508183,0.9998315688500613,2601.295585492666,-9.29558549266585,-0.18225602644079467
497,3547,3557,10,12581209,12652249,71040,4371,4344.812568033347,0.9998315688500613,4344.080766256245,26.919233743755285,0.4084263450360087
498,3557,3559,2,12652249,12666481,14232,844,870.2507200154942,0.9998315688500613,870.104142685987,-26.10414268598697,-0.8849603572668174
499,3559,3571,12,12666481,12752041,85560,5285,5230.519631449366,0.9998315688500613,5229.638649013064,55.36135098693558,0.7655452019731871
500,3571,3581,10,12752041,12823561,71520,4378,4370.569338589208,0.9998315688500613,4369.833198569623,8.166801430376836,0.12354340484525357
501,3581,3583,2,12823561,12837889,14328,890,875.4011621904792,0.9998315688500613,875.2537173660738,14.746282633926171,0.4984430806657024
502,3583,3593,10,12837889,12909649,71760,4351,4383.440897410037,0.9998315688500613,4382.702589418998,-31.702589418998286,-0.4788767322537309
503,3593,3607,14,12909649,13010449,100800,6121,6154.83092628303,0.9998315688500613,6153.794261032438,-32.794261032438044,-0.4180482049622905
504,3607,3613,6,13010449,13053769,43320,2643,2644.2162571235094,0.9998315688500613,2643.7708887386357,-0.7708887386356764,-0.014992698011053223
505,3613,3617,4,13053769,13082689,28920,1718,1764.9541965554236,0.9998315688500613,1764.6569232905085,-46.65692329050853,-1.110672334975718
506,3617,3623,6,13082689,13126129,43440,2627,2650.6458341205725,0.9998315688500613,2650.1993827946512,-23.19938279465123,-0.4506476977022089
507,3623,3631,8,13126129,13184161,58032,3538,3540.193874229328,0.9998315688500613,3539.597595304085,-1.5975953040851891,-0.026852815605722287
508,3631,3637,6,13184161,13227769,43608,2679,2659.644108460401,0.9998315688500613,2659.1961415447854,19.803858455214595,0.3840383787806358
509,3637,3643,6,13227769,13271449,43680,2645,2663.4993963660672,0.9998315688500613,2663.050780099876,-18.050780099876192,-0.34978908356918353
510,3643,3659,16,13271449,13388281,116832,7143,7121.508060558466,0.9998315688500613,7120.308576766529,22.69142323347114,0.2689133286878749
511,3659,3671,12,13388281,13476241,87960,5304,5359.111690861522,0.9998315688500613,5358.20904951678,-54.2090495167804,-0.7405629245862558
512,3671,3673,2,13476241,13490929,14688,889,894.6832394725643,0.9998315688500613,894.5325469457091,-5.5325469457091,-0.1849809623141677
513,3673,3677,4,13490929,13520329,29400,1797,1790.6502224100986,0.9998315688500613,1790.348621134,6.651378865999959,0.15719650395662516
514,3677,3691,14,13520329,13623481,103152,6287,6280.752521971008,0.9998315688500613,6279.694647601252,7.305352398748255,0.09218747230718237
515,3691,3697,6,13623481,13667809,44328,2718,2698.167116405908,0.9998315688500613,2697.712661015765,20.287338984234793,0.3905955047941364
516,3697,3701,4,13667809,13697401,29592,1809,1800.9162701141322,0.9998315688500613,1800.6129397158136,8.387060284186418,0.19765125726289884
517,3701,3709,8,13697401,13756681,59280,3627,3606.9633297219407,0.9998315688500613,3606.355804740529,20.644195259470962,0.3437665946251741
518,3709,3719,10,13756681,13830961,74280,4506,4518.322397431242,0.9998315688500613,4517.56137119405,-11.56137119404957,-0.17201143321790655
519,3719,3727,8,13830961,13890529,59568,3653,3622.3506245556055,0.9998315688500613,3621.7405078744305,31.259492125569523,0.5194254831975335
520,3727,3733,6,13890529,13935289,44760,2744,2721.2493700511986,0.9998315688500613,2720.791026890531,23.208973109468843,0.4449470502912997
521,3733,3739,6,13935289,13980121,44832,2671,2725.0941370897926,0.9998315688500613,2724.635146350591,-53.635146350591185,-1.027531850788967
522,3739,3761,22,13980121,14145121,165000,10026,10024.895516246674,0.9998315688500613,10023.207011566858,2.7929884331424546,0.02789753217287912
523,3761,3767,6,14145121,14190289,45168,2713,2743.027852432686,0.9998315688500613,2742.565841097187,-29.565841097186876,-0.5645620834929715
524,3767,3769,2,14190289,14205361,15072,886,915.1962310436647,0.9998315688500613,915.0420834900505,-29.04208349005046,-0.9600795862205114
525,3769,3779,10,14205361,14280841,75480,4627,4582.382190451026,0.9998315688500613,4581.61037454923,45.38962545076993,0.6705752532028845
526,3779,3793,14,14280841,14386849,106008,6493,6433.253662893549,0.9998315688500613,6432.17010258126,60.829897418740074,0.7584698530776558
527,3793,3797,4,14386849,14417209,30360,1839,1841.9111838128883,0.9998315688500613,1841.6009485941138,-2.600948594113788,-0.06060856530961058
528,3797,3803,6,14417209,14462809,45600,2763,2766.0649940540316,0.9998315688500613,2765.5991025462777,-2.5991025462776634,-0.049422965649913046
529,3803,3821,18,14462809,14600041,137232,8320,8321.216246884083,0.9998315688500613,8319.814694862733,0.18530513726727804,0.002031564582123413
530,3821,3823,2,14600041,14615329,15288,900,926.710674879374,0.9998315688500613,926.5545879347436,-26.55458793474361,-0.8723767070280021
531,3823,3833,10,14615329,14691889,76560,4631,4639.944901084644,0.9998315688500613,4639.163389829302,-8.163389829302105,-0.11985349470298963
532,3833,3847,14,14691889,14799409,107520,6537,6513.814906752086,0.9998315688500613,6512.717777416854,24.282222583145995,0.30088968963044543
533,3847,3851,4,14799409,14830201,30792,1864,1864.9230093077058,0.9998315688500613,1864.6088981807009,-0.6088981807008622,-0.014101028821075388
534,3851,3853,2,14830201,14845609,15408,968,933.1002283261623,0.9998315688500613,932.9430651816973,35.05693481830269,1.1477475403495172
535,3853,3863,10,14845609,14922769,77160,4607,4671.887455346296,0.9998315688500613,4671.100563969808,-64.10056396980781,-0.937890726827529
536,3863,3877,14,14922769,15031129,108360,6540,6558.519925881294,0.9998315688500613,6557.415266828281,-17.415266828281347,-0.2150620539242232
537,3877,3881,4,15031129,15062161,31032,1872,1877.6927616737084,0.9998315688500613,1877.376499722628,-5.376499722628068,-0.1240863297539561
538,3881,3889,8,15062161,15124321,62160,3750,3760.4908999392064,0.9998315688500613,3759.8575161325957,-9.85751613259572,-0.16076140862389382
539,3889,3907,18,15124321,15264649,140328,8490,8485.98655911826,0.9998315688500613,8484.557254643743,5.442745356256637,0.059088562357932035
540,3907,3911,4,15264649,15295921,31272,1896,1890.4522118793102,0.9998315688500613,1890.1338008393593,5.86619916064069,0.13493062410552945
541,3911,3917,6,15295921,15342889,46968,2828,2838.8666738619795,0.9998315688500613,2838.388520283578,-10.388520283578146,-0.1949924388626372
542,3917,3919,2,15342889,15358561,15672,962,947.1390289677074,0.9998315688500613,946.9795012519065,15.020498748093473,0.48810590799291
543,3919,3923,4,15358561,15389929,31368,1857,1895.5531287023332,0.9998315688500613,1895.233858509096,-38.23385850909608,-0.8782471019873137
544,3923,3929,6,15389929,15437041,47112,2798,2846.517031125608,0.9998315688500613,2846.0375889887355,-48.03758898873548,-0.9004526616268997
545,3929,3931,2,15437041,15452761,15720,939,949.6888769220095,0.9998315688500613,949.5289197323856,-10.528919732385589,-0.34168799198656324
546,3931,3943,12,15452761,15547249,94488,5764,5707.055283463444,0.9998315688500613,5706.094037579286,57.90596242071388,0.7665735352497226
547,3943,3947,4,15547249,15578809,31560,1925,1905.750087014283,0.9998315688500613,1905.4290993356315,19.570900664368537,0.4483471525579658
548,3947,3967,20,15578809,15737089,158280,9562,9554.229807947995,0.9998315688500613,9552.620578034665,9.379421965335496,0.09596542928352675
549,3967,3989,22,15737089,15912121,175032,10574,10558.680816186941,0.9998315688500613,10556.902405435236,17.097594564764222,0.16640514929040856
550,3989,4001,12,15912121,16008001,95880,5779,5780.918984120828,0.9998315688500613,5779.94529728863,-0.9452972886301723,-0.012433876463525033
551,4001,4003,2,16008001,16024009,16008,964,964.9710304050241,0.9998315688500613,964.8084992247154,-0.8084992247154332,-0.026029093741492693
552,4003,4007,4,16024009,16056049,32040,1899,1931.2143191491487,0.9998315688500613,1930.8890425005964,-31.88904250059636,-0.7257095200800944
553,4007,4013,6,16056049,16104169,48120,2916,2900.0017942177365,0.9998315688500613,2899.513343580712,16.48665641928801,0.30617521501979433
554,4013,4019,6,16104169,16152361,48192,2895,2903.817644973751,0.9998315688500613,2903.328551628596,-8.32855162859596,-0.1545686414372921
555,4019,4021,2,16152361,16168441,16080,949,968.7870793307666,0.9998315688500613,968.6239054089491,-19.6239054089491,-0.6305330424272069
556,4021,4027,6,16168441,16216729,48288,2933,2908.9045239664847,0.9998315688500613,2908.414573832451,24.58542616754903,0.45587899766138634
557,4027,4049,22,16216729,16394401,177672,10654,10698.613670584746,0.9998315688500613,10696.81169078146,-42.81169078146013,-0.4139379120808834
558,4049,4051,2,16394401,16410601,16200,969,975.1432180067059,0.9998315688500613,974.978973513142,-5.978973513142023,-0.1914824627926586
559,4051,4057,6,16410601,16459249,48648,2928,2927.970976396464,0.9998315688500613,2927.4778148779224,0.5221851220776443,0.009651119378316392
560,4057,4073,16,16459249,16589329,130080,7824,7826.555150887696,0.9998315688500613,7825.2369152035735,-1.236915203573517,-0.013982704515702915
561,4073,4079,6,16589329,16638241,48912,2960,2941.9437205442227,0.9998315688500613,2941.4482055803164,18.551794419683574,0.34206238564027974
562,4079,4091,12,16638241,16736281,98040,5914,5895.315021994524,0.9998315688500613,5894.322067306119,19.677932693881303,0.2563082230430755
563,4091,4093,2,16736281,16752649,16368,979,984.033605702687,0.9998315688500613,983.8678637909002,-4.867863790900174,-0.15519225009938725
564,4093,4099,6,16752649,16801801,49152,2997,2954.639419617364,0.9998315688500613,2954.141766302264,42.85823369773607,0.7885306923155863
565,4099,4111,12,16801801,16900321,98520,5886,5920.700622160686,0.9998315688500613,5919.703391746453,-33.703391746453235,-0.4380499498521978
566,4111,4127,16,16900321,17032129,131808,8017,7917.950338547118,0.9998315688500613,7916.616709066439,100.3832909335606,1.1282143518655585
567,4127,4129,2,17032129,17048641,16512,976,991.6463982949499,0.9998315688500613,991.4793741517525,-15.479374151752495,-0.49159963947294844
568,4129,4133,4,17048641,17081689,33048,1994,1984.5609667031094,0.9998315688500613,1984.2267048173642,9.77329518263582,0.2194044192003048
569,4133,4139,6,17081689,17131321,49632,2972,2980.011557054473,0.9998315688500613,2979.509630281088,-7.509630281087993,-0.13757710274054846
570,4139,4153,14,17131321,17247409,116088,6898,6968.151167579927,0.9998315688500613,6966.977513865824,-68.97751386582422,-0.8263905319123765
571,4153,4157,4,17247409,17280649,33240,1980,1994.7029387317598,0.9998315688500613,1994.366968622003,-14.366968622003014,-0.321708552741744
572,4157,4159,2,17280649,17297281,16632,1020,997.9851314136758,0.9998315688500613,997.8170396303701,22.182960369629882,0.7022537149121542
573,4159,4177,18,17297281,17447329,150048,9078,9000.87225743453,0.9998315688500613,8999.356230169758,78.64376983024158,0.8290077714706766
574,4177,4201,24,17447329,17648401,201072,12113,12054.360647692578,0.9998315688500613,12052.330317866912,60.66968213308792,0.5526322260066393
575,4201,4211,10,17648401,17732521,84120,4997,5040.586225435836,0.9998315688500613,5039.737233701521,-42.73723370152129,-0.6020082750436638
576,4211,4217,6,17732521,17783089,50568,2999,3029.414341317024,0.9998315688500613,3028.9040935758753,-29.904093575875322,-0.5433602723980216
577,4217,4219,2,17783089,17799961,16872,1036,1010.6484237096738,0.9998315688500613,1010.4781990334847,25.521800966515343,0.8028748306664462
578,4219,4229,10,17799961,17884441,84480,5036,5059.568511874881,0.9998315688500613,5058.716322932232,-22.716322932232288,-0.31938746753176345
579,4229,4231,2,17884441,17901361,16920,1015,1013.1788363922387,0.9998315688500613,1013.0081855157316,1.9918144842683887,0.0625809870719062
580,4231,4241,10,17901361,17986081,84720,5144,5072.218717497075,0.9998315688500613,5071.3643978657465,72.63560213425353,1.0199693756380137
581,4241,4243,2,17986081,18003049,16968,1015,1015.7085064498242,0.9998315688500613,1015.5374294980803,-0.5374294980803143,-0.016864502443533807
582,4243,4253,10,18003049,18088009,84960,4982,5084.86521630222,0.9998315688500613,5084.008766606555,-102.00876660655467,-1.4306531358912635
583,4253,4259,6,18088009,18139081,51072,3073,3055.9765383754857,0.9998315688500613,3055.4618167329413,17.538183267058685,0.31728253995773614
584,4259,4261,2,18139081,18156121,17040,1013,1019.5016246300656,0.9998315688500613,1019.3299087990648,-6.32990879906481,-0.19826226762808338
585,4261,4271,10,18156121,18241441,85320,5127,5103.828041716944,0.9998315688500613,5102.9683980907885,24.03160190921153,0.33641184726828977
586,4271,4273,2,18241441,18258529,17088,1013,1022.0294491248205,0.9998315688500613,1021.8573075294332,-8.857307529433228,-0.27708090427309445
587,4273,4283,10,18258529,18344089,85560,5161,5116.4653283392545,0.9998315688500613,5115.603556200381,45.39644379961919,0.6347071530336538
588,4283,4289,6,18344089,18395521,51432,3022,3074.932930764975,0.9998315688500613,3074.4150162754618,-52.41501627546177,-0.9453104930774283
589,4289,4297,8,18395521,18464209,68688,4132,4105.805459829746,0.9998315688500613,4105.113914294722,26.886085705277765,0.4196284957512577
590,4297,4327,30,18464209,18722929,258720,15399,15456.750845447415,0.9998315688500613,15454.147447128202,-55.14744712820175,-0.4436115930993541
591,4327,4337,10,18722929,18809569,86640,5203,5173.287963931216,0.9998315688500613,5172.416621090487,30.583378909513158,0.42524451060351504
592,4337,4339,2,18809569,18826921,17352,1035,1035.9194319185335,0.9998315688500613,1035.7449508173715,-0.7449508173715458,-0.02314734521061362
593,4339,4349,10,18826921,18913801,86880,5153,5185.905254560756,0.9998315688500613,5185.031786575257,-32.031786575256774,-0.44484165779534984
594,4349,4357,8,18913801,18983449,69648,4175,4156.292719306191,0.9998315688500613,4155.592670143997,19.407329856003344,0.30105739650968255
595,4357,4363,6,18983449,19035769,52320,3138,3121.6336696527433,0.9998315688500613,3121.1078893040763,16.892110695923748,0.3023636142866347
596,4363,4373,10,19035769,19123129,87360,5191,5211.129058622988,0.9998315688500613,5210.251342163165,-19.251342163164736,-0.26670531830131006
597,4373,4391,18,19123129,19280881,157752,9377,9406.504994624527,0.9998315688500613,9404.920646171378,-27.920646171378394,-0.2879041315440507
598,4391,4397,6,19280881,19333609,52728,3164,3143.063273052918,0.9998315688500613,3142.533883291507,21.46611670849279,0.38292480663691414
599,4397,4409,12,19333609,19439281,105672,6339,6297.4657645088155,0.9998315688500613,6296.4050751084,42.594924891600385,0.5367987880390925
600,4409,4421,12,19439281,19545241,105960,6264,6312.581185284769,0.9998315688500613,6311.51794997665,-47.517949976650016,-0.5981233886992948
601,4421,4423,2,19545241,19562929,17688,1021,1053.5661216301378,0.9998315688500613,1053.3886682767352,-32.38866827673519,-0.9979269938759138
602,4423,4441,18,19562929,19722481,159552,9498,9500.980855264235,0.9998315688500613,9499.380594133238,-1.3805941332375369,-0.014165058729990656
603,4441,4447,6,19722481,19775809,53328,3193,3174.546401752392,0.9998315688500613,3174.011709251411,18.988290748588952,0.3370401277429273
604,4447,4451,4,19775809,19811401,35592,2150,2118.461809153203,0.9998315688500613,2118.104994194586,31.895005805413803,0.6930250668671534
605,4451,4457,6,19811401,19864849,53448,3179,3180.838637406472,0.9998315688500613,3180.3028850970045,-1.3028850970044914,-0.023103186015237767
606,4457,4463,6,19864849,19918369,53520,3170,3184.6132805594243,0.9998315688500613,3184.0768924824697,-14.076892482469702,-0.24946810037830136
607,4463,4481,18,19918369,20079361,160992,9634,9576.48247833387,0.9998315688500613,9574.869500377676,59.13049962232435,0.6042895956103308
608,4481,4483,2,20079361,20097289,17928,1066,1066.1497309673578,0.9998315688500613,1065.970158142164,0.02984185783589055,0.0009140150224386844
609,4483,4493,10,20097289,20187049,89760,5338,5337.03557760152,0.9998315688500613,5336.136654561921,1.8633454380787953,0.025508205255947984
610,4493,4507,14,20187049,20313049,126000,7431,7489.449698547833,0.9998315688500613,7488.188241922699,-57.18824192269858,-0.6608735476602008
611,4507,4513,6,20313049,20367169,54120,3221,3216.0483947910834,0.9998315688500613,3215.5067120616905,5.49328793830955,0.09687409392653903
612,4513,4517,4,20367169,20403289,36120,2140,2146.1266270279884,0.9998315688500613,2145.765152452284,-5.765152452283928,-0.12445710715697889
613,4517,4519,2,20403289,20421361,18072,1040,1073.6915654300246,0.9998315688500613,1073.5107223249797,-33.510722324979724,-1.0227761586629391
614,4519,4523,4,20421361,20457529,36168,2136,2148.639539384516,0.9998315688500613,2148.277641556094,-12.27764155609384,-0.2648925510437961
615,4523,4547,24,20457529,20675209,217680,12938,12927.008688241942,0.9998315688500613,12924.831377303313,13.168622696686725,0.11583182838646454
616,4547,4549,2,20675209,20693401,18192,1117,1079.9717077454552,0.9998315688500613,1079.7898068688185,37.21019313118154,1.1323803184238717
617,4549,4561,12,20693401,20802721,109320,6499,6488.618600150105,0.9998315688500613,6487.525714657768,11.474285342232179,0.142457756172954
618,4561,4567,6,20802721,20857489,54768,3209,3249.958106925478,0.9998315688500613,3249.410712744276,-40.410712744276225,-0.7089150664198318
619,4567,4583,16,20857489,21003889,146400,8693,8684.961184371496,0.9998315688500613,8683.49836637204,9.501633627960473,0.10196495151261387
620,4583,4591,8,21003889,21077281,73392,4378,4352.518102754839,0.9998315688500613,4351.785003125663,26.214996874336975,0.39738923176907687
621,4591,4597,6,21077281,21132409,55128,3242,3268.779004723765,0.9998315688500613,3268.228440517104,-26.22844051710399,-0.45879245453615486
622,4597,4603,6,21132409,21187609,55200,3247,3272.541667916812,0.9998315688500613,3271.9904699604626,-24.990469960462633,-0.4368862820264958
623,4603,4621,18,21187609,21353641,166032,9849,9840.195950763766,0.9998315688500613,9838.538555244157,10.461444755843331,0.10546937442366211
624,4621,4637,16,21353641,21501769,148128,8826,8775.255095350556,0.9998315688500613,8773.777069043841,52.22293095615896,0.5575296195292989
625,4637,4639,2,21501769,21520321,18552,1055,1098.7867413675413,0.9998315688500613,1098.6016714531554,-43.601671453155404,-1.3154762462707037
626,4639,4643,4,21520321,21557449,37128,2185,2198.826515724417,0.9998315688500613,2198.4561648458575,-13.45616484585753,-0.2869871117599498
627,4643,4649,6,21557449,21613201,55752,3343,3301.372079298366,0.9998315688500613,3300.8160254026743,42.18397459732569,0.7342379659529786
628,4649,4651,2,21613201,21631801,18600,1091,1101.292567559518,0.9998315688500613,1101.107075585945,-10.10707558594504,-0.30458656062791434
629,4651,4657,6,21631801,21687649,55848,3286,3306.383068285184,0.9998315688500613,3305.826170382855,-19.826170382854798,-0.34482506552556064
630,4657,4663,6,21687649,21743569,55920,3344,3310.1407305521425,0.9998315688500613,3309.5831997424366,34.41680025756341,0.5982515599255465
631,4663,4673,10,21743569,21836929,93360,5531,5525.250231820159,0.9998315688500613,5524.319607569914,6.680392430085703,0.08987989925186615
632,4673,4679,6,21836929,21893041,56112,3335,3320.158741257852,0.9998315688500613,3319.599523103083,15.400476896917098,0.2672953002599122
633,4679,4691,12,21893041,22005481,112440,6687,6651.584533293033,0.9998315688500613,6650.464199261176,36.53580073882404,0.44801509821140584
634,4691,4703,12,22005481,22118209,112728,6630,6666.603984490037,0.9998315688500613,6665.481120714743,-35.481120714743156,-0.4345918501298293
635,4703,4721,18,22118209,22287841,169632,9929,10028.05885583465,0.9998315688500613,10026.36981834991,-97.36981834990911,-0.9724169047632132
636,4721,4723,2,22287841,22306729,18888,1134,1116.31367666577,0.9998315688500613,1116.1256546695167,17.874345330483266,0.535024412570029
637,4723,4729,6,22306729,22363441,56712,3331,3351.442457563244,0.9998315688500613,3350.8779702561633,-19.87797025616328,-0.3433940218585594
638,4729,4733,4,22363441,22401289,37848,2233,2236.379314138321,0.9998315688500613,2236.002638198742,-3.0026381987418063,-0.06349899466406361
639,4733,4751,18,22401289,22572001,170712,10108,10084.337740937714,0.9998315688500613,10082.639224335637,25.360775664363246,0.25256630963000026
640,4751,4759,8,22572001,22648081,76080,4468,4492.76194168767,0.9998315688500613,4492.00522062743,-24.00522062743039,-0.35816700526740847
641,4759,4783,24,22648081,22877089,229008,13552,13518.274161834968,0.9998315688500613,13515.997263372703,36.002736627297054,0.3096787931868538
642,4783,4787,4,22877089,22915369,38280,2273,2258.875826060539,0.9998315688500613,2258.4953610075872,14.504638992412765,0.3052089906541594
643,4787,4789,2,22915369,22934521,19152,1130,1130.062436467968,0.9998315688500613,1129.872098752291,0.12790124770890543,0.0038050479942632804
644,4789,4793,4,22934521,22972849,38328,2253,2261.37383091636,0.9998315688500613,2260.9929451215776,-7.992945121577577,-0.16809594133575864
645,4793,4799,6,22972849,23030401,57552,3435,3395.182874952676,0.9998315688500613,3394.6110203967955,40.38897960320446,0.6932148742984918
646,4799,4801,2,23030401,23049601,19200,1129,1132.560121632414,0.9998315688500613,1132.3693632287527,-3.369363228752718,-0.10012759308470315
647,4801,4813,12,23049601,23164969,115368,6790,6804.1007043838035,0.9998315688500613,6802.954681877865,-12.954681877865369,-0.1570644738231432
648,4813,4817,4,23164969,23203489,38520,2256,2271.3626576936804,0.9998315688500613,2270.980089469317,-14.980089469317136,-0.3143458592278978
649,4817,4831,14,23203489,23338561,135072,7984,7962.874811393907,0.9998315688500613,7961.533615232606,22.46638476739372,0.2517878827545797
650,4831,4861,30,23338561,23629321,290760,17121,17131.927855946124,0.9998315688500613,17129.042305636678,-8.042305636678066,-0.06144888866351687
651,4861,4871,10,23629321,23726641,97320,5705,5731.430091976887,0.9998315688500613,5730.464740615702,-25.464740615701885,-0.3363909740925748
652,4871,4877,6,23726641,23785129,58488,3448,3443.8454423332587,0.9998315688500613,3443.2653914851953,4.734608514804677,0.08068611893641515
653,4877,4889,12,23785129,23902321,117192,6860,6898.910313433502,0.9998315688500613,6897.748322036086,-37.74832203608639,-0.45451056138572393
654,4889,4903,14,23902321,24039409,137088,8100,8067.631302838912,0.9998315688500613,8066.272462421293,33.72753757870669,0.37553307298065225
655,4903,4909,6,24039409,24098281,58872,3441,3463.7865151690785,0.9998315688500613,3463.2031056231863,-22.203105623186275,-0.3772895216204344
656,4909,4919,10,24098281,24196561,98280,5812,5781.282788357232,0.9998315688500613,5780.309040249068,31.690959750932052,0.4168308583849065
657,4919,4931,12,24196561,24314761,118200,7003,6951.240377411712,0.9998315688500613,6950.069572001445,52.93042799855539,0.6349080444452812
658,4931,4933,2,24314761,24334489,19728,1149,1159.9929618809838,0.9998315688500613,1159.7975829324935,-10.79758293249347,-0.31705561490086465
659,4933,4937,4,24334489,24373969,39480,2325,2321.231111261761,0.9998315688500613,2320.8401436364175,4.1598563635825485,0.08634868361199277
660,4937,4943,6,24373969,24433249,59280,3505,3484.9593785479665,0.9998315688500613,3484.372402832348,20.627597167651857,0.349451057359982
661,4943,4951,8,24433249,24512401,79152,4627,4652.422180844238,0.9998315688500613,4651.638568026318,-24.638568026318353,-0.36125384818252215
662,4951,4957,6,24512401,24571849,59448,3489,3493.6732944331598,0.9998315688500613,3493.0848510226683,-4.0848510226683175,-0.06911489530684906
663,4957,4967,10,24571849,24671089,99240,5822,5831.085856733378,0.9998315688500613,5830.103720237137,-8.103720237137168,-0.10613198793957311
664,4967,4969,2,24671089,24690961,19872,1216,1167.4615729246289,0.9998315688500613,1167.264936029392,48.73506397060805,1.4264508777453124
665,4969,4973,4,24690961,24730729,39768,2357,2336.1674113201443,0.9998315688500613,2335.7739279566063,21.226072043393742,0.43919180781357875
666,4973,4987,14,24730729,24870169,139440,8141,8189.648943887325,0.9998315688500613,8188.269551898112,-47.269551898111786,-0.5223786514400733
667,4987,4993,6,24870169,24930049,59880,3487,3516.069008235354,0.9998315688500613,3515.476792689033,-28.476792689033118,-0.4802849256183644
668,4993,4999,6,24930049,24990001,59952,3528,3519.800024649361,0.9998315688500613,3519.207180683655,8.792819316344776,0.14821963224204662
669,4999,5003,4,24990001,25030009,40008,2351,2348.605911397608,0.9998315688500613,2348.2103330031987,2.7896669968013157,0.057568361277684554
670,5003,5009,6,25030009,25090081,60072,3531,3526.0173720878083,0.9998315688500613,3525.423480927124,5.576519072876181,0.09391988357125478
671,5009,5011,2,25090081,25110121,20040,1187,1176.1679912726395,0.9998315688500613,1175.9698879453483,11.030112054651681,0.32164871729382216
672,5011,5021,10,25110121,25210441,100320,5823,5887.055703252787,0.9998315688500613,5886.064139690935,-63.06413969093501,-0.8219965228525189
673,5021,5023,2,25210441,25230529,20088,1157,1178.6541723448317,0.9998315688500613,1178.4556502672037,-21.455650267203737,-0.6250072569151806
674,5023,5039,16,25230529,25391521,160992,9414,9444.146939584287,0.9998315688500613,9442.556251055063,-28.556251055062603,-0.2938707769006724
675,5039,5051,12,25391521,25512601,121080,7073,7100.5058431448415,0.9998315688500613,7099.3098967805345,-26.309896780534473,-0.31225620493244444
676,5051,5059,8,25512601,25593481,80880,4772,4741.952194909565,0.9998315688500613,4741.153502448422,30.846497551578068,0.447985390467636
677,5059,5077,18,25593481,25775929,182448,10696,10693.610045312205,0.9998315688500613,10691.808908275278,4.191091724722355,0.04053233016972761
678,5077,5081,4,25775929,25816561,40632,2412,2380.910612334963,0.9998315688500613,2380.509592822626,31.49040717737398,0.645421321512628
679,5081,5087,6,25816561,25877569,61008,3565,3574.469536911929,0.9998315688500613,3573.867484897406,-8.86748489740603,-0.1483307644089455
680,5087,5099,12,25877569,25999801,122232,7180,7160.110463106539,0.9998315688500613,7158.90447746755,21.09552253244965,0.24932567498618705
681,5099,5101,2,25999801,26020201,20400,1178,1194.799694268033,0.9998315688500613,1194.598452781581,-16.598452781581045,-0.48023812349855016
682,5101,5107,6,26020201,26081449,61248,3578,3586.8809537689667,0.9998315688500613,3586.27681128523,-8.276811285229996,-0.1382105353449013
683,5107,5113,6,26081449,26142769,61320,3617,3590.60341453366,0.9998315688500613,3589.998645071576,27.001354928424007,0.4506490037161299
684,5113,5119,6,26142769,26204161,61392,3553,3594.3254313576035,0.9998315688500613,3593.7200349919462,-40.72003499194625,-0.6792599708093559
685,5119,5147,28,26204161,26491609,287448,16859,16822.719004046638,0.9998315688500613,16819.885534139692,39.11446586030797,0.3015962143974173
686,5147,5153,6,26491609,26553409,61800,3649,3615.4085044576786,0.9998315688500613,3614.7995570457747,34.20044295422531,0.5688393359342376
687,5153,5167,14,26553409,26697889,144480,8453,8450.415479979478,0.9998315688500613,8448.992166782726,4.00783321727431,0.04360207791956646
688,5167,5171,4,26697889,26739241,41352,2402,2418.122715620324,0.9998315688500613,2417.7154284306393,-15.71542843063935,-0.3196124102395217
689,5171,5179,8,26739241,26822041,82800,4811,4841.202311307192,0.9998315688500613,4840.386902034813,-29.38690203481292,-0.42239013503490724
690,5179,5189,10,26822041,26925721,103680,6083,6060.795703639509,0.9998315688500613,6059.774876849601,23.22512315039876,0.2983525680657007
691,5189,5197,8,26925721,27008809,83088,4886,4856.069553909358,0.9998315688500613,4855.25164053021,30.748359469789648,0.4412818627941497
692,5197,5209,12,27008809,27133681,124872,7320,7296.490230292315,0.9998315688500613,7295.26127405231,24.73872594769,0.2896389099492334
693,5209,5227,18,27133681,27321529,187848,10903,10972.596744273324,0.9998315688500613,10970.748617185873,-67.74861718587272,-0.6468183070975114
694,5227,5231,4,27321529,27363361,41832,2448,2442.8942081651185,0.9998315688500613,2442.482748684459,5.517251315541216,0.11163670622682054
695,5231,5233,2,27363361,27384289,20928,1205,1222.0660138537642,0.9998315688500613,1221.8601798697498,-16.8601798697498,-0.48233796612870633
696,5233,5237,4,27384289,27426169,41880,2461,2445.3697673452552,0.9998315688500613,2444.9578909033157,16.04210909668427,0.3244335611560947
697,5237,5261,24,27426169,27678121,251952,14739,14706.868613428203,0.9998315688500613,14704.391518635646,34.60848136435379,0.28540331540938546
698,5261,5273,12,27678121,27804529,126408,7371,7375.7035834172275,0.9998315688500613,7374.461285181065,-3.46128518106525,-0.04030623503394538
699,5273,5279,6,27804529,27867841,63312,3646,3693.417610866949,0.9998315688500613,3692.795524291547,-46.795524291546826,-0.7700637626877389
700,5279,5281,2,27867841,27888961,21120,1250,1231.9636638697702,0.9998315688500613,1231.756162813182,18.243837186817927,0.5198209946391756
701,5281,5297,16,27888961,28058209,169248,9896,9870.547319998266,0.9998315688500613,9868.884812362634,27.115187637366034,0.2729471563836409
702,5297,5303,6,28058209,28121809,63600,3702,3708.254958051257,0.9998315688500613,3707.6303724044064,-5.630372404406444,-0.09246745515315877
703,5303,5309,6,28121809,28185481,63672,3713,3711.9632310350426,0.9998315688500613,3711.338020799509,1.661979200490805,0.027281002724037003
704,5309,5323,14,28185481,28334329,148848,8750,8675.666217994876,0.9998315688500613,8674.204965557296,75.79503444270449,0.8138154202309945
705,5323,5333,10,28334329,28440889,106560,6150,6209.260957287392,0.9998315688500613,6208.215124324086,-58.21512432408599,-0.7388434890689121
706,5333,5347,14,28440889,28590409,149520,8749,8710.260302267037,0.9998315688500613,8708.793223108061,40.206776891938716,0.43084421947859924
707,5347,5351,4,28590409,28633201,42792,2498,2492.3512086293194,0.9998315688500613,2491.931419049199,6.068580950800879,0.12156795373344248
708,5351,5381,30,28633201,28955161,321960,18692,18745.111481115455,0.9998315688500613,18741.954220432963,-49.95422043296276,-0.36489234253945607
709,5381,5387,6,28955161,29019769,64608,3739,3760.1323699010536,0.9998315688500613,3759.4990464820694,-20.49904648206939,-0.33432485945699525
710,5387,5393,6,29019769,29084449,64680,3761,3763.8347534507047,0.9998315688500613,3763.2008064350016,-2.2008064350015957,-0.035875928571248786
711,5393,5399,6,29084449,29149201,64752,3746,3767.536720546661,0.9998315688500613,3766.902150004383,-20.902150004383202,-0.34056404120294476
712,5399,5407,8,29149201,29235649,86448,4976,5029.140190757113,0.9998315688500613,5028.293126891581,-52.29312689158087,-0.7374529510351714
713,5407,5413,6,29235649,29300569,64920,3833,3776.173027304001,0.9998315688500613,3775.5370021386448,57.462997861355234,0.9351879754007902
714,5413,5417,4,29300569,29343889,43320,2522,2519.504589816788,0.9998315688500613,2519.0802267614495,2.9197732385505333,0.058173892520132296
715,5417,5419,2,29343889,29365561,21672,1304,1260.3690203679726,0.9998315688500613,1260.156734964525,43.84326503547504,1.2350672518313832
716,5419,5431,12,29365561,29495761,130200,7501,7570.8473133130465,0.9998315688500613,7569.572146794055,-68.57214679405479,-0.7881558072313801
717,5431,5437,6,29495761,29560969,65208,3782,3790.9728766365442,0.9998315688500613,3790.334358715546,-8.334358715545932,-0.13537342836168548
718,5437,5441,4,29560969,29604481,43512,2533,2529.3702375807334,0.9998315688500613,2528.944212842997,4.055787157003124,0.08065021529665875
719,5441,5443,2,29604481,29626249,21768,1277,1265.3015689544845,0.9998315688500613,1265.0884527562064,11.91154724379362,0.33489428146616845
720,5443,5449,6,29626249,29691601,65352,3802,3798.3703245543875,0.9998315688500613,3797.7305606727296,4.269439327270447,0.06928014237349805
721,5449,5471,22,29691601,29931841,240240,13982,13958.994091519387,0.9998315688500613,13956.642962092565,25.35703790743537,0.21463870312828437
722,5471,5477,6,29931841,29997529,65688,3881,3815.6246452631894,0.9998315688500613,3814.9819752164535,66.01802478354648,1.0688488177261715
723,5477,5479,2,29997529,30019441,21912,1300,1272.6962784249336,0.9998315688500613,1272.4819167272358,27.518083272764216,0.7714226228545201
724,5479,5483,4,30019441,30063289,43848,2553,2546.6245610825717,0.9998315688500613,2546.1956301792866,6.8043698207134184,0.13484722868198398
725,5483,5501,18,30063289,30261001,197712,11512,11480.135603854666,0.9998315688500613,11478.201991413456,33.7980085865438,0.31546717767776705
726,5501,5503,2,30261001,30283009,22008,1291,1277.623359252233,0.9998315688500613,1277.4081676806456,13.591832319354353,0.3802884748323736
727,5503,5507,4,30283009,30327049,44040,2567,2556.4781797432806,0.9998315688500613,2556.047589183673,10.952410816326847,0.2166333211333721
728,5507,5519,12,30327049,30459361,132312,7626,7679.285146853421,0.9998315688500613,7677.991716025429,-51.991716025429014,-0.5933491605527794
729,5519,5521,2,30459361,30481441,22080,1281,1281.317247093888,0.9998315688500613,1281.1014333565238,-0.10143335652378482,-0.0028339294760472756
730,5521,5527,6,30481441,30547729,66288,3877,3846.4138230104,0.9998315688500613,3845.76596710705,31.234032892949926,0.5036590446866518
731,5527,5531,4,30547729,30591961,44232,2569,2566.327467020834,0.9998315688500613,2565.8952175344443,3.1047824655556724,0.06129311853379583
732,5531,5557,26,30591961,30880249,288288,16807,16721.125700417906,0.9998315688500613,16718.309341987915,88.6906580120849,0.6859330023690103
733,5557,5563,6,30880249,30946969,66720,3863,3868.564624193823,0.9998315688500613,3867.913037405558,-4.913037405558043,-0.07899720395407243
734,5563,5569,6,30946969,31013761,66792,3821,3872.2550169387832,0.9998315688500613,3871.602808573424,-50.60280857342423,-0.8132596471810274
735,5569,5573,4,31013761,31058329,44568,2538,2583.5533648990095,0.9998315688500613,2583.1182140348315,-45.11821403483145,-0.8877276750471669
736,5573,5581,8,31058329,31147561,89232,5181,5172.02624474722,0.9998315688500613,5171.155114419304,9.844885580696427,0.13690423741795119
737,5581,5591,10,31147561,31259281,111720,6410,6474.255675270688,0.9998315688500613,6473.165208942305,-63.16520894230507,-0.7850902635929129
738,5591,5623,32,31259281,31618129,358848,20769,20786.461588007165,0.9998315688500613,20782.96050037874,-13.960500378740107,-0.09683832717429611
739,5623,5639,16,31618129,31798321,180192,10393,10432.556246245978,0.9998315688500613,10430.799078800623,-37.79907880062274,-0.3701028469255704
740,5639,5641,2,31798321,31820881,22560,1340,1305.9123615757562,0.9998315688500613,1305.6924052549768,34.30759474502315,0.9494450451331299
741,5641,5647,6,31820881,31888609,67728,3958,3920.193841601955,0.9998315688500613,3919.5335588452313,38.466441154768745,0.6144192508068868
742,5647,5651,4,31888609,31933801,45192,2583,2615.509712527506,0.9998315688500613,2615.069179218949,-32.0691792189491,-0.6271136495631294
743,5651,5653,2,31933801,31956409,22608,1317,1308.3689579437487,0.9998315688500613,1308.1485878556182,8.851412144381811,0.24472820494956082
744,5653,5657,4,31956409,32001649,45240,2641,2617.966046399437,0.9998315688500613,2617.5250993677414,23.474900632258596,0.4588368981863959
745,5657,5659,2,32001649,32024281,22632,1279,1309.5970593192615,0.9998315688500613,1309.3764823806039,-30.376482380603875,-0.8394700622587533
746,5659,5669,10,32024281,32137561,113280,6564,6554.125075889984,0.9998315688500613,6553.02115706661,10.978842933390297,0.13562376201011503
747,5669,5683,14,32137561,32296489,158928,9191,9192.963844400365,0.9998315688500613,9191.415462928708,-0.4154629287077114,-0.0043335227380088565
748,5683,5689,6,32296489,32364721,68232,3964,3945.979395020753,0.9998315688500613,3945.3147691736153,18.685230826384668,0.29747990772977895
749,5689,5693,4,32364721,32410249,45528,2623,2632.698556295829,0.9998315688500613,2632.2551278505503,-9.255127850550252,-0.1803924812807667
750,5693,5701,8,32410249,32501401,91152,5291,5270.306095420849,0.9998315688500613,5269.418411704668,21.58158829533204,0.29730489593862164
751,5701,5711,10,32501401,32615521,114120,6636,6597.085771583021,0.9998315688500613,6595.974616840269,40.025383159731064,0.4928287216677635
752,5711,5717,6,32615521,32684089,68568,3932,3963.159119197866,0.9998315688500613,3962.4915997500293,-30.49159975002931,-0.4843909640028953
753,5717,5737,20,32684089,32913169,229080,13210,13237.107928721467,0.9998315688500613,13234.87838741117,-24.87838741117048,-0.21625305375765158
754,5737,5741,4,32913169,32959081,45912,2700,2652.3273461586796,0.9998315688500613,2651.880611613752,48.11938838624792,0.9344221284729126
755,5741,5743,2,32959081,32982049,22968,1332,1326.7768000448123,0.9998315688500613,1326.5533295026687,5.446670497331297,0.14954391493506805
756,5743,5749,6,32982049,33051001,68952,3950,3982.7827363768592,0.9998315688500613,3982.111911700615,-32.11191170061511,-0.5088730256529997
757,5749,5779,30,33051001,33396841,345840,20041,19969.079049439635,0.9998315688500613,19965.71563449212,75.28436550787956,0.5327977153439803
758,5779,5783,4,33396841,33443089,46248,2668,2669.489009840414,0.9998315688500613,2669.0393847367377,-1.039384736737702,-0.020118650390017843
759,5783,5791,8,33443089,33535681,92592,5296,5343.879276193911,0.9998315688500613,5342.979200462289,-46.979200462288645,-0.6427082571167694
760,5791,5801,10,33535681,33651601,115920,6688,6689.037782808067,0.9998315688500613,6687.911140482325,0.08885951767479128,0.0010865724879650007
761,5801,5807,6,33651601,33721249,69648,4018,4018.322624240769,0.9998315688500613,4017.6458135403436,0.3541864596563755,0.005587867898381186
762,5807,5813,6,33721249,33790969,69720,4057,4021.9971241955645,0.9998315688500613,4021.319694594886,35.68030540511381,0.562657694872463
763,5813,5821,8,33790969,33884041,93072,5409,5368.378063165816,0.9998315688500613,5367.473861075331,41.526138924668885,0.5668087989519695
764,5821,5827,6,33884041,33953929,69888,3966,4030.56947777234,0.9998315688500613,4029.890604320291,-63.890604320291004,-1.0064457436768375
765,5827,5839,12,33953929,34093921,139992,8018,8072.158274830552,0.9998315688500613,8070.798671929835,-52.79867192983511,-0.587712248219576
766,5839,5843,4,34093921,34140649,46728,2682,2693.983996755909,0.9998315688500613,2693.5302459334193,-11.530245933419337,-0.22216602378665404
767,5843,5849,6,34140649,34210801,70152,3994,4044.036145806778,0.9998315688500613,4043.3550041483463,-49.355004148346325,-0.7761760821691849
768,5849,5851,2,34210801,34234201,23400,1329,1348.8280327934772,0.9998315688500613,1348.6008481368442,-19.600848136844206,-0.5337441765131788
769,5851,5857,6,34234201,34304449,70248,4044,4048.931855169125,0.9998315688500613,4048.2498889207354,-4.24988892073543,-0.06679499516272029
770,5857,5861,4,34304449,34351321,46872,2642,2701.327561051585,0.9998315688500613,2700.8725733441156,-58.87257334411561,-1.1328201673014087
771,5861,5867,6,34351321,34421689,70368,4035,4055.0505488174967,0.9998315688500613,4054.3675519905,-19.367551990500033,-0.3041677545711875
772,5867,5869,2,34421689,34445161,23472,1335,1352.4992490853183,0.9998315688500613,1352.2714460815037,-17.271446081503655,-0.4696742626678322
773,5869,5879,10,34445161,34562641,117480,6823,6768.613614658825,0.9998315688500613,6767.473569284218,55.526430715782226,0.6749731130186816
774,5879,5881,2,34562641,34586161,23520,1359,1354.946099366527,0.9998315688500613,1354.7178842369058,4.282115763094225,0.11634131593613786
775,5881,5897,16,34586161,34774609,188448,10754,10854.24697775999,0.9998315688500613,10852.418784459807,-98.41878445980728,-0.9447452666161688
776,5897,5903,6,34774609,34845409,70800,4058,4077.069201651495,0.9998315688500613,4076.382496197481,-18.382496197481032,-0.2879168092708973
777,5903,5923,20,34845409,35081929,236520,13631,13616.723043091595,0.9998315688500613,13614.42956277105,16.57043722894923,0.14201500820336535
778,5923,5927,4,35081929,35129329,47400,2739,2728.234679391142,0.9998315688500613,2727.7751596867897,11.22484031321028,0.21491953203488334
779,5927,5939,12,35129329,35271721,142392,8228,8194.482195612974,0.9998315688500613,8193.101989553616,34.89801044638443,0.38554625393687697
780,5939,5953,14,35271721,35438209,166488,9583,9578.763858282007,0.9998315688500613,9577.150496070366,5.849503929634011,0.059772425729826904
781,5953,5981,28,35438209,35772361,334152,19210,19217.39069883013,0.9998315688500613,19214.153891615908,-4.1538916159079236,-0.02996708697138426
782,5981,5987,6,35772361,35844169,71808,4142,4128.393900307827,0.9998315688500613,4127.698550175798,14.301449824201882,0.2226004717222968
783,5987,6007,20,35844169,36084049,239880,13753,13787.767957070842,0.9998315688500613,13785.445667458745,-32.44566745874545,-0.2763416251082408
784,6007,6011,4,36084049,36132121,48072,2790,2762.436768688727,0.9998315688500613,2761.971488287144,28.028511712856016,0.5333231581947563
785,6011,6029,18,36132121,36348841,216720,12495,12451.103872191161,0.9998315688500613,12449.006718447961,45.99328155203875,0.41221808962980105
786,6029,6037,8,36348841,36445369,96528,5489,5544.399939111434,0.9998315688500613,5543.466089453969,-54.46608945396929,-0.7315356532079033
787,6037,6043,6,36445369,36517849,72480,4204,4162.570274347905,0.9998315688500613,4161.869167849896,42.13083215010374,0.6530641223243187
788,6043,6047,4,36517849,36566209,48360,2742,2777.0801333440468,0.9998315688500613,2776.6123865437157,-34.61238654371573,-0.6568616649977589
789,6047,6053,6,36566209,36638809,72600,4169,4168.669856757857,0.9998315688500613,4167.967722900168,1.0322770998318447,0.01598947187587932
790,6053,6067,14,36638809,36808489,169680,9726,9741.126184099354,0.9998315688500613,9739.485475014468,-13.485475014467738,-0.13664641480769837
791,6067,6073,6,36808489,36881329,72840,4159,4180.866001022048,0.9998315688500613,4180.161812953756,-21.161812953756453,-0.3273077771127163
792,6073,6079,6,36881329,36954241,72912,4114,4184.524060814641,0.9998315688500613,4183.819256615132,-69.81925661513196,-1.079415781162047
793,6079,6089,10,36954241,37075921,121680,7015,6982.334809912834,0.9998315688500613,6981.158767231544,33.84123276845639,0.4050255474120874
794,6089,6091,2,37075921,37100281,24360,1417,1397.6860481430776,0.9998315688500613,1397.4506342747356,19.54936572526435,0.5229551374439342
795,6091,6101,10,37100281,37222201,121920,7049,6994.524938497692,0.9998315688500613,6993.346842619027,55.653157380973425,0.6654987962152058
796,6101,6113,12,37222201,37368769,146568,8366,8406.83650492318,0.9998315688500613,8405.42053178331,-39.42053178330934,-0.4299745546687941
797,6113,6121,8,37368769,37466641,97872,5586,5612.681540678255,0.9998315688500613,5611.7361902721195,-25.73619027211953,-0.3435544952636624
798,6121,6131,10,37466641,37589161,122520,7045,7024.989788761362,0.9998315688500613,7023.806561652934,21.19343834706615,0.2528803882366775
799,6131,6133,2,37589161,37613689,24528,1424,1406.2162070889026,0.9998315688500613,1405.9793564760803,18.020643523919716,0.48059674344855885
800,6133,6143,10,37613689,37736449,122760,7059,7037.171555105597,0.9998315688500613,7035.986276208255,23.01372379174518,0.2743622808351057
801,6143,6151,8,37736449,37834801,98352,5600,5637.045075672679,0.9998315688500613,5636.095621688327,-36.0956216883269,-0.48080098627520346
802,6151,6163,12,37834801,37982569,147768,8436,8467.745355949737,0.9998315688500613,8466.319123862046,-30.31912386204567,-0.32951055453480527
803,6163,6173,10,37982569,38105929,123360,7109,7067.6155852335505,0.9998315688500613,7066.425178613205,42.57482138679461,0.5064690980040522
804,6173,6197,24,38105929,38402809,296880,17077,17003.664761229884,0.9998315688500613,17000.800814420978,76.19918557902201,0.5844073105811493
805,6197,6199,2,38402809,38427601,24792,1430,1419.6089825648814,0.9998315688500613,1419.3698761914848,10.630123808515236,0.2821568062352761
806,6199,6203,4,38427601,38477209,49608,2840,2840.4348087678663,0.9998315688500613,2839.9563910667,0.04360893330022009,0.0008183133344164298
807,6203,6211,8,38477209,38576521,99312,5651,5685.736626996193,0.9998315688500613,5684.77897183786,-33.7789718378599,-0.4480119874545128
808,6211,6217,6,38576521,38651089,74568,4258,4268.560693170875,0.9998315688500613,4267.841734584741,-9.841734584741062,-0.15064943098684155
809,6217,6221,4,38651089,38700841,49752,2849,2847.7346587907523,0.9998315688500613,2847.2550115674517,1.7449884325483254,0.0327023806515993
810,6221,6229,8,38700841,38800441,99600,5785,5700.334921685513,0.9998315688500613,5699.374807719618,85.62519228038218,1.134195580163874
811,6229,6247,18,38800441,39025009,224568,12857,12849.469598750118,0.9998315688500613,12847.305347809499,9.694652190501074,0.08553152385129653
812,6247,6257,10,39025009,39150049,125040,7163,7152.78057683073,0.9998315688500613,7151.575825772915,11.424174227085132,0.1350902308883282
813,6257,6263,6,39150049,39225169,75120,4290,4296.53136052331,0.9998315688500613,4295.807690805509,-5.807690805509083,-0.08860966025431088
814,6263,6269,6,39225169,39300361,75192,4366,4300.178195671644,0.9998315688500613,4299.453911713205,66.54608828679466,1.0148827782166658
815,6269,6271,2,39300361,39325441,25080,1468,1434.2030795719475,0.9998315688500613,1433.9615150980096,34.03848490199039,0.8988794937180763
816,6271,6277,6,39325441,39400729,75288,4281,4305.040101572871,0.9998315688500613,4304.314998718031,-23.314998718031347,-0.35537213603998064
817,6277,6287,10,39400729,39526369,125640,7245,7183.168940640055,0.9998315688500613,7181.959071235178,63.04092876482173,0.7438770154700483
818,6287,6299,12,39526369,39677401,151032,8679,8633.169224306941,0.9998315688500613,8631.715129686876,47.284870313123974,0.508948282050159
819,6299,6301,2,39677401,39702601,25200,1450,1440.2790165077895,0.9998315688500613,1440.0364286568065,9.963571343193507,0.2625598378944642
820,6301,6311,10,39702601,39828721,126120,7160,7207.469225090463,0.9998315688500613,7206.255262760733,-46.255262760732876,-0.54488685561113
821,6311,6317,6,39828721,39904489,75768,4307,4329.340388926677,0.9998315688500613,4328.611193146495,-21.61119314649477,-0.3284766143545865
822,6317,6323,6,39904489,39980329,75840,4297,4332.984108015429,0.9998315688500613,4332.2542985194505,-35.25429851945046,-0.5356179302792841
823,6323,6329,6,39980329,40056241,75912,4303,4336.6274828310125,0.9998315688500613,4335.897059677223,-32.8970596772233,-0.4995944454785982
824,6329,6337,8,40056241,40157569,101328,5822,5787.836854762398,0.9998315688500613,5786.862002745293,35.13799725470744,0.46190795479663016
825,6337,6343,6,40157569,40233649,76080,4306,4345.127354124561,0.9998315688500613,4344.395499327676,-38.39549932767568,-0.5825264402991104
826,6343,6353,10,40233649,40360609,126960,7346,7249.9725989904255,0.9998315688500613,7248.751477768554,97.24852223144626,1.142224326883748
827,6353,6359,6,40360609,40436881,76272,4337,4354.839206600096,0.9998315688500613,4354.10571602473,-17.1057160247301,-0.2592338878859593
828,6359,6361,2,40436881,40462321,25440,1435,1452.4222673778422,0.9998315688500613,1452.1776342251512,-17.177634225151223,-0.4507684162360479
829,6361,6367,6,40462321,40538689,76368,4387,4359.694220539182,0.9998315688500613,4358.959912228236,28.040087771763865,0.42470554501989183
830,6367,6373,6,40538689,40615129,76440,4287,4363.335082626436,0.9998315688500613,4362.600161080902,-75.60016108090167,-1.1445901793586855
831,6373,6379,6,40615129,40691641,76512,4345,4366.975603663363,0.9998315688500613,4366.240068940683,-21.24006894068316,-0.3214416262566162
832,6379,6389,10,40691641,40819321,127680,7393,7286.381794464309,0.9998315688500613,7285.154540799775,107.84545920022538,1.2635210440215519
833,6389,6397,8,40819321,40921609,102288,5785,5836.3847381421365,0.9998315688500613,5835.401709149207,-50.40170914920691,-0.659796313593749
834,6397,6421,24,40921609,41229241,307632,17585,17547.968715326395,0.9998315688500613,17545.013090776585,39.98690922341484,0.30188462049865816
835,6421,6427,6,41229241,41306329,77088,4335,4396.087540454231,0.9998315688500613,4395.3471023745615,-60.34710237456147,-0.9102482093714093
836,6427,6449,22,41306329,41589601,283272,16103,16150.105651699007,0.9998315688500613,16147.38547083246,-44.38547083245976,-0.3492928732889797
837,6449,6451,2,41589601,41615401,25800,1432,1470.615828142967,0.9998315688500613,1470.368130627915,-38.36813062791498,-1.0005933206805946
838,6451,6469,18,41615401,41847961,232560,13330,13253.72157201171,0.9998315688500613,13251.489232446367,78.51076755363283,0.682019636978333
839,6469,6473,4,41847961,41899729,51768,2943,2949.7146985526197,0.9998315688500613,2949.2178747139515,-6.21787471395146,-0.114495531725628
840,6473,6481,8,41899729,42003361,103632,5796,5904.275821866002,0.9998315688500613,5903.28135789977,-107.28135789977023,-1.396296085663427
841,6481,6491,10,42003361,42133081,129720,7368,7389.430802476592,0.9998315688500613,7388.186192149139,-20.18619214913906,-0.23484725432034242
842,6491,6521,30,42133081,42523441,390360,22358,22228.851089356467,0.9998315688500613,22225.107058405672,132.89294159432757,0.8914150945855048
843,6521,6529,8,42523441,42627841,104400,5899,5943.031412063632,0.9998315688500613,5942.030420448777,-43.03042044877657,-0.5582235498146385
844,6529,6547,18,42627841,42863209,235368,13412,13395.426093472634,0.9998315688500613,13393.169886451791,18.83011354820883,0.16270887789783206
845,6547,6551,4,42863209,42915601,52392,2904,2981.1993058286607,0.9998315688500613,2980.6971790013836,-76.69717900138357,-1.4048192904867278
846,6551,6553,2,42915601,42941809,26208,1510,1491.2047547805123,0.9998315688500613,1490.9535894488706,19.046410551129384,0.49326588379874065
847,6553,6563,10,42941809,43072969,131160,7388,7462.074304127134,0.9998315688500613,7460.8174583711625,-72.8174583711625,-0.8430286011070359
848,6563,6569,6,43072969,43151761,78792,4507,4482.0845675426535,0.9998315688500613,4481.32964488482,25.670355115180428,0.38346738404797615
849,6569,6571,2,43151761,43178041,26280,1513,1494.834780246485,0.9998315688500613,1494.5830035054798,18.416996494520163,0.47638577611220084
850,6571,6577,6,43178041,43256929,78888,4473,4486.92394348653,0.9998315688500613,4486.168205727042,-13.168205727041823,-0.19660240508105453
851,6577,6581,4,43256929,43309561,52632,2989,2993.2988429870456,0.9998315688500613,2992.794678220811,-3.7946782208109653,-0.06936437752009368
852,6581,6599,18,43309561,43546801,237240,13549,13489.802506133448,0.9998315688500613,13487.530403184894,61.46959681510634,0.5292905574223664
853,6599,6607,8,43546801,43652449,105648,5977,6005.949042978231,0.9998315688500613,6004.937454074448,-27.937454074448397,-0.3605226730455894
854,6607,6619,12,43652449,43811161,158712,8948,9021.015029142145,0.9998315688500613,9019.495609207172,-71.49560920717158,-0.7528149678206061
855,6619,6637,18,43811161,44049769,238608,13614,13558.723177839536,0.9998315688500613,13556.439466502992,57.56053349700778,0.49436986622626733
856,6637,6653,16,44049769,44262409,212640,12004,12079.594221697189,0.9998315688500613,12077.559641751635,-73.55964175163535,-0.6693449792164406
857,6653,6659,6,44262409,44342281,79872,4580,4536.494031726848,0.9998315688500613,4535.729944820395,44.27005517960515,0.6573345637532688
858,6659,6661,2,44342281,44368921,26640,1503,1512.9701811280102,0.9998315688500613,1512.7153498205798,-9.715349820579831,-0.2497927538711925
859,6661,6673,12,44368921,44528929,160008,9080,9086.278039381374,0.9998315688500613,9084.747627122539,-4.747627122538688,-0.04981041597947922
860,6673,6679,6,44528929,44609041,80112,4594,4548.575093885418,0.9998315688500613,4547.808972151773,46.19102784822735,0.6849462925139123
861,6679,6689,10,44609041,44742721,133680,7606,7589.01081829844,0.9998315688500613,7587.732592479417,18.26740752058322,0.20971085402547293
862,6689,6691,2,44742721,44769481,26760,1563,1519.0099055804312,0.9998315688500613,1518.754056995266,44.245943004734045,1.1353499104456592
863,6691,6701,10,44769481,44903401,133920,7541,7601.087582322769,0.9998315688500613,7599.807322400494,-58.80732240049383,-0.674574802344483
864,6701,6703,2,44903401,44930209,26808,1518,1521.4250440420583,0.9998315688500613,1521.1687886723448,-3.1687886723448173,-0.08124648367429863
865,6703,6709,6,44930209,45010681,80472,4571,4566.689973264467,0.9998315688500613,4565.920800420857,5.079199579143278,0.07516767044948382
866,6709,6719,10,45010681,45144961,134280,7656,7619.198713444173,0.9998315688500613,7617.915403043256,38.08459695674355,0.436346293380575
867,6719,6733,14,45144961,45333289,188328,10758,10683.778100411873,0.9998315688500613,10681.97861938073,76.02138061926962,0.7355461054752631
868,6733,6737,4,45333289,45387169,53880,3065,3056.128938896116,0.9998315688500613,3055.6141915845765,9.385808415423526,0.16979403375336102
869,6737,6761,24,45387169,45711121,323952,18429,18370.56184931146,0.9998315688500613,18367.46767445416,61.53232554583883,0.454023870819392
870,6761,6763,2,45711121,45738169,27048,1515,1533.494335275609,0.9998315688500613,1533.2360470612941,-18.23604706129413,-0.46572139936411905
871,6763,6779,16,45738169,45954841,216672,12332,12282.430258973036,0.9998315688500613,12280.361515120476,51.638484879524185,0.4659806847207615
872,6779,6781,2,45954841,45981961,27120,1480,1537.1130533283576,0.9998315688500613,1536.8541556091998,-56.85415560919978,-1.4502600574160331
873,6781,6791,10,45981961,46117681,135720,7695,7691.595348891802,0.9998315688500613,7690.299844642325,4.700155357674703,0.053597011737470626
874,6791,6793,2,46117681,46144849,27168,1519,1539.5250042476691,0.9998315688500613,1539.2657002808444,-20.265700280844385,-0.5165410242446595
875,6793,6803,10,46144849,46280809,135960,7693,7703.654050051235,0.9998315688500613,7702.356514740854,-9.356514740854436,-0.10661106892762597
876,6803,6823,20,46280809,46553329,272520,15426,15437.448573037982,0.9998315688500613,15434.848425822705,-8.848425822705394,-0.07122210905674038
877,6823,6827,4,46553329,46607929,54600,3116,3092.311397401616,0.9998315688500613,3091.790555836983,24.209444163016997,0.4353913386296081
878,6827,6829,2,46607929,46635241,27312,1558,1546.7583333877847,0.9998315688500613,1546.4978111030148,11.502188896985217,0.29248651023076844
879,6829,6833,4,46635241,46689889,54648,3097,3094.7218779986724,0.9998315688500613,3094.2006304340207,2.7993695659793048,0.050325257023660405
880,6833,6841,8,46689889,46799281,109392,6209,6194.2642756467685,0.9998315688500613,6193.220968591797,15.779031408203082,0.20050354375914092
881,6841,6857,16,46799281,47018449,219168,12408,12407.808031053282,0.9998315688500613,12405.718169678394,2.2818303216063214,0.02048671809832864
882,6857,6863,6,47018449,47100769,82320,4577,4659.554377084598,0.9998315688500613,4658.769562982664,-81.76956298266396,-1.197997914293465
883,6863,6869,6,47100769,47183161,82392,4714,4663.16827243194,0.9998315688500613,4662.382849637456,51.617150362543725,0.7559447555476365
884,6869,6871,2,47183161,47210641,27480,1593,1555.1924580885097,0.9998315688500613,1554.930515234418,38.06948476558205,0.9654315910595179
885,6871,6883,12,47210641,47375689,165048,9312,9339.585797343869,0.9998315688500613,9338.012720168072,-26.01272016807161,-0.26918976197141753
886,6883,6899,16,47375689,47596201,220512,12460,12475.260634146165,0.9998315688500613,12473.159411651772,-13.159411651771734,-0.11782792680544628
887,6899,6907,8,47596201,47706649,110448,6207,6247.262762728147,0.9998315688500613,6246.210529077051,-39.21052907705143,-0.4961287486174886
888,6907,6911,4,47706649,47761921,55272,3090,3126.0391713078134,0.9998315688500613,3125.5126489354366,-35.51264893543657,-0.6352174758124017
889,6911,6917,6,47761921,47844889,82968,4711,4692.068236398976,0.9998315688500613,4691.277945950329,19.722054049670987,0.28794302472008276
890,6917,6947,30,47844889,48260809,415920,23404,23514.50151536567,0.9998315688500613,23510.540940835202,-106.54094083520249,-0.6948406482139261
891,6947,6949,2,48260809,48288601,27792,1592,1570.842356956564,0.9998315688500613,1570.5777781720092,21.422221827990825,0.540548651098104
892,6949,6959,10,48288601,48427681,139080,7861,7860.227318035904,0.9998315688500613,7858.9034109099475,2.0965890900524755,0.02365006539611485
893,6959,6961,2,48427681,48455521,27840,1551,1573.2484906259924,0.9998315688500613,1572.983506573577,-21.98350657357696,-0.554287242772254
894,6961,6967,6,48455521,48539089,83568,4765,4722.151321318932,0.9998315688500613,4721.355963941697,43.644036058302845,0.6351722754741983
895,6967,6971,4,48539089,48594841,55752,3144,3150.1056418828666,0.9998315688500613,3149.5750659671758,-5.57506596717576,-0.09933997096718468
896,6971,6977,6,48594841,48678529,83688,4683,4728.165377404075,0.9998315688500613,4727.369007072459,-44.36900707245877,-0.6453123221908972
897,6977,6983,6,48678529,48762289,83760,4679,4731.773402837105,0.9998315688500613,4730.976424801616,-51.976424801616304,-0.7556679645088819
898,6983,6991,8,48762289,48874081,111792,6361,6314.643159370404,0.9998315688500613,6313.579576761618,47.42042323838177,0.5967983262723998
899,6991,6997,6,48874081,48958009,83928,4736,4740.1909403181635,0.9998315688500613,4739.392544507156,-3.3925445071563445,-0.04927926405909647
900,6997,7001,4,48958009,49014001,55992,3147,3162.131205372978,0.9998315688500613,3161.5986039778,-14.59860397779994,-0.2596318463938944
901,7001,7013,12,49014001,49182169,168168,9481,9496.011399855372,0.9998315688500613,9494.411975735464,-13.411975735463784,-0.13764445572220932
902,7013,7019,6,49182169,49266361,84192,4814,4753.415145314299,0.9998315688500613,4752.614522135237,61.385477864762834,0.8904291020264626
903,7019,7027,8,49266361,49378729,112368,6330,6343.495972681791,0.9998315688500613,6342.42753036048,-12.427530360479977,-0.1560475936606559
904,7027,7039,12,49378729,49547521,168792,9602,9527.262024214026,0.9998315688500613,9525.65733651552,76.34266348448,0.7822036360425685
905,7039,7043,4,49547521,49603849,56328,3222,3178.9584662658162,0.9998315688500613,3178.423030635736,43.57696936426419,0.7729495945995244
906,7043,7057,14,49603849,49801249,197400,11125,11138.970420949627,0.9998315688500613,11137.094271352493,-12.094271352492797,-0.11460241261030024
907,7057,7069,12,49801249,49970761,169512,9588,9563.30629911879,0.9998315688500613,9561.695540441615,26.304459558385133,0.2690059759266682
908,7069,7079,10,49970761,50112241,141480,7945,7980.432319084648,0.9998315688500613,7979.0881656921365,-34.0881656921365,-0.3816163735972617
909,7079,7103,24,50112241,50452609,340368,19179,19193.867440639995,0.9998315688500613,19190.634595475196,-11.634595475195965,-0.08398594626224595
910,7103,7109,6,50452609,50537881,85272,4840,4807.471782877576,0.9998315688500613,4806.662054876888,33.33794512311215,0.48085820717470573
911,7109,7121,12,50537881,50708641,170760,9630,9625.747376788873,0.9998315688500613,9624.126101089181,5.8738989108187525,0.05987503988335104
912,7121,7127,6,50708641,50794129,85488,4853,4818.274996187072,0.9998315688500613,4817.463448588744,35.53655141125637,0.5119954081118183
913,7127,7129,2,50794129,50822641,28512,1606,1606.891785425134,0.9998315688500613,1606.621134793888,-0.6211347938879044,-0.015496339402657652
914,7129,7151,22,50822641,51136801,314160,17643,17702.209958511405,0.9998315688500613,17699.228354931638,-56.22835493163802,-0.42264740937430323
915,7151,7159,8,51136801,51251281,114480,6425,6449.165639347862,0.9998315688500613,6448.079398963082,-23.079398963081985,-0.2874149182446568
916,7159,7177,18,51251281,51509329,258048,14556,14534.014386293944,0.9998315688500613,14531.566405537635,24.433594462365363,0.20268945080615985
917,7177,7187,10,51509329,51652969,143640,8107,8088.445165876765,0.9998315688500613,8087.0828197562605,19.917180243739494,0.221478670695309
918,7187,7193,6,51652969,51739249,86280,4827,4857.863861940801,0.9998315688500613,4857.045646344289,-30.045646344288798,-0.4311173077824908
919,7193,7207,14,51739249,51940849,201600,11426,11349.004322211258,0.9998315688500613,11347.092796362609,78.90720363739092,0.7407545872283493
920,7207,7211,4,51940849,51998521,57672,3252,3246.169350562617,0.9998315688500613,3245.622594526006,6.377405473993804,0.1119425050123011
921,7211,7213,2,51998521,52027369,28848,1599,1623.6840686155483,0.9998315688500613,1623.4105896407343,-24.410589640734315,-0.6058485637775922
922,7213,7219,6,52027369,52113961,86592,4889,4873.449648477603,0.9998315688500613,4872.628807749142,16.371192250858257,0.2345301300106215
923,7219,7229,10,52113961,52258441,144480,8092,8130.406903440598,0.9998315688500613,8129.037489656383,-37.037489656382604,-0.41079200252677744
924,7229,7237,8,52258441,52374169,115728,6511,6511.516480554361,0.9998315688500613,6510.419738345697,0.5802616543032855,0.007191498218880223
925,7237,7243,6,52374169,52461049,86880,4887,4887.831629843917,0.9998315688500613,4887.008366741796,-0.00836674179572583,-0.00011968364994852729
926,7243,7247,4,52461049,52519009,57960,3230,3260.5515284156427,0.9998315688500613,3260.0023499722774,-30.002349972277443,-0.5254680516554544
927,7247,7253,6,52519009,52606009,87000,4876,4893.822738739662,0.9998315688500613,4892.99846654818,-16.99846654817975,-0.24300891428681026
928,7253,7283,30,52606009,53042089,436080,24561,24523.021993103903,0.9998315688500613,24518.891552309633,42.10844769036703,0.2689173452576948
929,7283,7297,14,53042089,53246209,204120,11470,11474.817704460118,0.9998315688500613,11472.884987718819,-2.884987718818593,-0.026934421289413788
930,7297,7307,10,53246209,53392249,146040,8232,8208.272379761562,0.9998315688500613,8206.889851005628,25.11014899437214,0.2771787854175774
931,7307,7309,2,53392249,53421481,29232,1645,1642.8517383127473,0.9998315688500613,1642.5750309052846,2.4249690947153795,0.0598333886472975
932,7309,7321,12,53421481,53597041,175560,9781,9865.490365922917,0.9998315688500613,9863.828710035876,-82.8287100358757,-0.8339848027508235
933,7321,7331,10,53597041,53743561,146520,8252,8232.214519754052,0.9998315688500613,8230.827958395948,21.17204160405163,0.23336782397378192
934,7331,7333,2,53743561,53772889,29328,1637,1647.6397808776237,0.9998315688500613,1647.3622670146458,-10.362267014645795,-0.25530553001022893
935,7333,7349,16,53772889,54007801,234912,13205,13195.478976354934,0.9998315688500613,13193.256446656955,11.743553343045278,0.10224063136799304
936,7349,7351,2,54007801,54037201,29400,1628,1651.2298032594845,0.9998315688500613,1650.9516847249083,-22.95168472490832,-0.5648685400892975
937,7351,7369,18,54037201,54302161,264960,14839,14879.014666709583,0.9998315688500613,14876.508577159315,-37.50857715931488,-0.3075247552676936
938,7369,7393,24,54302161,54656449,354288,19902,19888.926432587206,0.9998315688500613,19885.57651783712,16.423482162881555,0.11646519278634691
939,7393,7411,18,54656449,54922921,266472,14814,14954.364969956223,0.9998315688500613,14951.84618906773,-137.84618906772994,-1.1273203676402483
940,7411,7417,6,54922921,55011889,88968,5040,4991.962067517918,0.9998315688500613,4991.121265606435,48.87873439356463,0.6918642517502315
941,7417,7433,16,55011889,55249489,237600,13395,13329.431574237999,0.9998315688500613,13327.186482749921,67.8135172500788,0.5874177060273694
942,7433,7451,18,55249489,55517401,267912,14973,15026.08819595771,0.9998315688500613,15023.557334643783,-50.55733464378318,-0.4124751420110882
943,7451,7457,6,55517401,55606849,89448,4979,5015.866023478098,0.9998315688500613,5015.021195395825,-36.02119539582509,-0.5086531457802411
944,7457,7459,2,55606849,55636681,29832,1707,1672.7519123656675,0.9998315688500613,1672.4701688375055,34.529831162494474,0.8443359184015962
945,7459,7477,18,55636681,55905529,268848,15113,15072.688023797702,0.9998315688500613,15070.149313621187,42.85068637881341,0.34905913261787963
946,7477,7481,4,55905529,55965361,59832,3322,3353.866410891991,0.9998315688500613,3353.301515315664,-31.30151531566389,-0.5405415215535554
947,7481,7487,6,55965361,56055169,89808,5052,5033.785739814397,0.9998315688500613,5032.937893493695,19.0621065063051,0.268695322457928
948,7487,7489,2,56055169,56085121,29952,1712,1678.7248378344811,0.9998315688500613,1678.442088279614,33.55791172038607,0.8191090920507775
949,7489,7499,10,56085121,56235001,149880,8484,8399.595654839184,0.9998315688500613,8398.18090128402,85.81909871597964,0.9364645387638669
950,7499,7507,8,56235001,56355049,120048,6693,6726.8416585298255,0.9998315688500613,6725.708648853823,-32.70864885382343,-0.3988352904411104
951,7507,7517,10,56355049,56505289,150240,8331,8417.507400560193,0.9998315688500613,8416.0896301091,-85.08963010909974,-0.9275161060424533
952,7517,7523,6,56505289,56595529,90240,5049,5055.280116897076,0.9998315688500613,5054.428650253725,-5.428650253725209,-0.07635822555991512
953,7523,7529,6,56595529,56685841,90312,5138,5058.86153231049,0.9998315688500613,5058.009462445222,79.9905375547778,1.1247313398388963
954,7529,7537,8,56685841,56806369,120528,6837,6750.719317353796,0.9998315688500613,6749.582285936261,87.41771406373937,1.0640474555509027
955,7537,7541,4,56806369,56866681,60312,3326,3377.746875786688,0.9998315688500613,3377.1779579961976,-51.17795799619762,-0.8806553554560645
956,7541,7547,6,56866681,56957209,90528,5086,5069.604102609213,0.9998315688500613,5068.750223360477,17.24977663952268,0.24228862795387607
957,7547,7549,2,56957209,56987401,30192,1656,1690.6636699535884,0.9998315688500613,1690.3789095274985,-34.378909527498536,-0.836180555636607
958,7549,7559,10,56987401,57138481,151080,8495,8459.285153790377,0.9998315688500613,8457.860346664265,37.13965333573469,0.40383837968027864
959,7559,7561,2,57138481,57168721,30240,1689,1693.0503193996847,0.9998315688500613,1692.765156987484,-3.7651569874840334,-0.0915134088829902
960,7561,7573,12,57168721,57350329,181608,10262,10166.654072201345,0.9998315688500613,10164.941690964935,97.05830903506467,0.9626762882943882
961,7573,7577,4,57350329,57410929,60600,3375,3392.0662175198086,0.9998315688500613,3391.4948879061235,-16.494887906123495,-0.283239477903802
962,7577,7583,6,57410929,57501889,90960,5044,5091.081725078635,0.9998315688500613,5090.224228329248,-46.224228329248035,-0.6478899046419462
963,7583,7589,6,57501889,57592921,91032,5114,5094.660357331857,0.9998315688500613,5093.802257829325,20.197742170675156,0.28299696843499933
964,7589,7591,2,57592921,57623281,30360,1665,1699.015322852414,0.9998315688500613,1698.7291557478227,-33.72915574782269,-0.8183581283486595
965,7591,7603,12,57623281,57805609,182328,10165,10202.44085928239,0.9998315688500613,10200.722450436278,-35.72245043627845,-0.35369243975974596
966,7603,7607,4,57805609,57866449,60840,3383,3403.9939158768393,0.9998315688500613,3403.420577267204,-20.420577267203953,-0.3500339789587272
967,7607,7621,14,57866449,58079641,213192,11930,11926.499511277303,0.9998315688500613,11924.490717249875,5.509282750124839,0.05045162303465227
968,7621,7639,18,58079641,58354321,274680,15335,15362.685376600828,0.9998315688500613,15360.0978218367,-25.09782183669995,-0.20250653432441643
969,7639,7643,4,58354321,58415449,61128,3433,3418.3010826683603,0.9998315688500613,3417.72533428617,15.274665713830018,0.26127817604447956
970,7643,7649,6,58415449,58507201,91752,5110,5130.431494565681,0.9998315688500613,5129.567370089369,-19.567370089369433,-0.27320716837352876
971,7649,7669,20,58507201,58813561,306360,17229,17127.260560663417,0.9998315688500613,17124.375796471886,104.62420352811387,0.799511638039832
972,7669,7673,4,58813561,58874929,61368,3451,3430.2186875585467,0.9998315688500613,3429.64093188046,21.359068119540098,0.36471865192671826
973,7673,7681,8,58874929,58997761,122832,6809,6865.203302606009,0.9998315688500613,6864.046988519188,-55.046988519187835,-0.6644211382584911
974,7681,7687,6,58997761,59089969,92208,5146,5153.072345065419,0.9998315688500613,5152.204407164622,-6.204407164622353,-0.08643780866361453
975,7687,7691,4,59089969,59151481,61512,3402,3437.3670633453876,0.9998315688500613,3436.788103658147,-34.788103658147065,-0.5934093395091956
976,7691,7699,8,59151481,59274601,123120,6835,6879.498963398859,0.9998315688500613,6878.340241477452,-43.340241477451855,-0.5225760470533987
977,7699,7703,4,59274601,59336209,61608,3469,3442.1317387237214,0.9998315688500613,3441.551976516728,27.44802348327221,0.4678793847450744
978,7703,7717,14,59336209,59552089,215880,12051,12059.96656043455,0.9998315688500613,12057.935286398553,-6.935286398553217,-0.06315793558457573
979,7717,7723,6,59552089,59644729,92640,5169,5174.511481909081,0.9998315688500613,5173.639932989812,-4.639932989812223,-0.06450800463113836
980,7723,7727,4,59644729,59706529,61800,3443,3451.658915187232,0.9998315688500613,3451.077548306951,-8.07754830695103,-0.13749984379410043
981,7727,7741,14,59706529,59923081,216552,12114,12093.307880853768,0.9998315688500613,12091.270991100833,22.72900889916673,0.20670192505313956
982,7741,7753,12,59923081,60109009,185928,10341,10381.168783382513,0.9998315688500613,10379.42027118662,-38.420271186620084,-0.3771150609991928
983,7753,7757,4,60109009,60171049,62040,3482,3463.5638227863237,0.9998315688500613,3462.9804507487656,19.019549251234366,0.32320286385365515
984,7757,7759,2,60171049,60202081,31032,1689,1732.3770342399366,0.9998315688500613,1732.0852479839323,-43.08524798393228,-1.035246963897363
985,7759,7789,30,60202081,60668521,466440,26123,26033.258159500547,0.9998315688500613,26028.87334789209,94.12665210790874,0.5834248549327639
986,7789,7793,4,60668521,60730849,62328,3457,3477.843780278228,0.9998315688500613,3477.258003051009,-20.258003051008927,-0.3435406828311364
987,7793,7817,24,60730849,61105489,374640,20944,20900.37144628307,0.9998315688500613,20896.851172686223,47.148827313776565,0.32615982887798733
988,7817,7823,6,61105489,61199329,93840,5182,5234.013588299509,0.9998315688500613,5233.132017372037,-51.1320173720369,-0.7068252937400918
989,7823,7829,6,61199329,61293241,93912,5251,5237.581344572362,0.9998315688500613,5236.699172723598,14.300827276401833,0.19762066130204717
990,7829,7841,12,61293241,61481281,188040,10455,10485.864890999626,0.9998315688500613,10484.098744717934,-29.098744717934096,-0.2841899418342353
991,7841,7853,12,61481281,61669609,188328,10437,10500.132717739325,0.9998315688500613,10498.364168311167,-61.364168311167305,-0.5988996174621485
992,7853,7867,14,61669609,61889689,220080,12271,12268.184946963564,0.9998315688500613,12266.118602465285,4.881397534714779,0.04407482510884562
993,7867,7873,6,61889689,61984129,94440,5240,5263.736754278187,0.9998315688500613,5262.850177043689,-22.850177043688745,-0.31497716228303735
994,7873,7877,4,61984129,62047129,63000,3515,3511.13870833721,0.9998315688500613,3510.5473232069708,4.452676793029241,0.07515082561893202
995,7877,7879,2,62047129,62078641,31512,1771,1756.1635863711126,0.9998315688500613,1755.8677937187797,15.132206281220306,0.3611239951600563
996,7879,7883,4,62078641,62141689,63048,3600,3513.5155881755054,0.9998315688500613,3512.9238027046613,87.07619729533872,1.469146449204488
997,7883,7901,18,62141689,62425801,284112,15777,15830.427062119357,0.9998315688500613,15827.760725085263,-50.7607250852634,-0.40347634590791187
998,7901,7907,6,62425801,62520649,94848,5286,5283.937986399978,0.9998315688500613,5283.048006648724,2.9519933512756324,0.04061375049358227
999,7907,7919,12,62520649,62710561,189912,10509,10578.567839061376,0.9998315688500613,10576.786078715539,-67.78607871553868,-0.6591187273500503
1000,7919,7927,8,62710561,62837329,126768,7113,7060.297615214717,0.9998315688500613,7059.108441168477,53.89155883152307,0.6414249058711469
